STATION,NAME,LATITUDE,LONGITUDE,ELEVATION,DATE,DP01,DP10,DT32,DX32,EMNT,EMXP,EMXT,HDSD,HTDD,PRCP,TAVG,TMAX,TMIN,extent_greenland,area_greenland
JNM00001001,"JAN MAYEN, JN",70.9331,-8.6667,10,1979-01,20,7,31,27,-26.8,13.7,5.9,4127.5,863.5,61.1,-9.5,-5.3,-13.7,1076123.146,805892.835
JNM00001001,"JAN MAYEN, JN",70.9331,-8.6667,10,1979-02,20,9,28,19,-21.5,15.2,4.8,4837.7,710.2,64.9,-7,-4.1,-10,1099248.063,818036.021
JNM00001001,"JAN MAYEN, JN",70.9331,-8.6667,10,1979-03,20,13,31,26,-17.3,11.6,1.8,5564.7,727,89.6,-5.1,-2.7,-7.6,1036964.901,704945.359
JNM00001001,"JAN MAYEN, JN",70.9331,-8.6667,10,1979-04,12,3,29,24,-10,5.7,3.7,6214.8,650.1,21.7,-3.3,-1.6,-5.1,958927.937,670846.346
JNM00001001,"JAN MAYEN, JN",70.9331,-8.6667,10,1979-05,11,3,28,21,-9,12.4,3,6868.6,653.8,37,-2.8,-1.3,-4.2,823812.694,601457.343
JNM00001001,"JAN MAYEN, JN",70.9331,-8.6667,10,1979-06,15,8,15,0,-2.3,8.1,9.3,7361.4,492.8,41.6,1.9,3.6,0.3,732932.104,489327.707
JNM00001001,"JAN MAYEN, JN",70.9331,-8.6667,10,1979-07,17,8,1,0,-1,20,7.8,443.6,443.6,81.2,4,5.5,2.6,525597.053,293136.252
JNM00001001,"JAN MAYEN, JN",70.9331,-8.6667,10,1979-08,12,4,0,0,1.6,21.3,9.8,837.4,393.8,52.4,5.6,7.2,4.1,326246.338,162114.619
JNM00001001,"JAN MAYEN, JN",70.9331,-8.6667,10,1979-09,22,16,14,0,-1.8,68.5,8.2,1317.1,479.7,200,2.3,3.7,1,274046.952,145943.427
JNM00001001,"JAN MAYEN, JN",70.9331,-8.6667,10,1979-10,23,3,15,4,-7.5,10.4,5.3,1844.5,527.4,41.4,1.3,2.8,-0.1,390471.715,261145.07
JNM00001001,"JAN MAYEN, JN",70.9331,-8.6667,10,1979-11,21,7,26,20,-8.1,19.8,4.8,2469,624.5,76.2,-2.5,-1,-3.9,517974.516,367278.791
JNM00001001,"JAN MAYEN, JN",70.9331,-8.6667,10,1979-12,15,5,21,11,-10.3,8,7.5,3074,605,39.5,-1.2,0.4,-2.7,649059.169,463077.242
JNM00001001,"JAN MAYEN, JN",70.9331,-8.6667,10,1980-01,20,7,28,19,-10.6,12.7,2.3,3742.7,668.7,57.5,-3.2,-1.4,-5.1,808295.026,564740.187
JNM00001001,"JAN MAYEN, JN",70.9331,-8.6667,10,1980-02,20,7,28,19,-15,4.6,2.9,4415,672.3,34.1,-4.9,-2.6,-7.1,952327.591,672255.101
JNM00001001,"JAN MAYEN, JN",70.9331,-8.6667,10,1980-03,19,3,24,12,-16.6,5.5,3.3,5070.8,655.8,34.3,-2.8,-0.9,-4.7,948085.65,664350.108
JNM00001001,"JAN MAYEN, JN",70.9331,-8.6667,10,1980-04,20,7,28,12,-12.7,12.1,6.5,5696.2,625.4,58,-2.5,-0.1,-4.9,880688.901,622450.045
JNM00001001,"JAN MAYEN, JN",70.9331,-8.6667,10,1980-05,11,5,18,6,-5.9,8.6,9.2,6228.2,532,36.2,1.2,2.9,-0.6,746582.112,531532.971
JNM00001001,"JAN MAYEN, JN",70.9331,-8.6667,10,1980-06,10,2,4,0,-0.6,5.3,7.5,6694.1,465.9,15.2,2.8,4.5,1.1,665813.937,456185.756
JNM00001001,"JAN MAYEN, JN",70.9331,-8.6667,10,1980-07,13,4,0,0,0.5,14.5,11,404.7,404.7,44.4,5.3,6.9,3.7,525743.756,328566.567
JNM00001001,"JAN MAYEN, JN",70.9331,-8.6667,10,1980-08,12,8,0,0,1,29.8,10.7,806.9,402.2,83.8,5.4,7.1,3.7,395567.798,225012.513
JNM00001001,"JAN MAYEN, JN",70.9331,-8.6667,10,1980-09,21,11,9,1,-4.4,15.6,8.4,1255.9,449,79.1,3.4,4.7,2,395677.655,233353.183
JNM00001001,"JAN MAYEN, JN",70.9331,-8.6667,10,1980-10,15,6,28,22,-9.1,40.9,5.3,1889,633.1,118.9,-2.1,-0.7,-3.5,515636.474,360281.295
JNM00001001,"JAN MAYEN, JN",70.9331,-8.6667,10,1980-11,21,10,26,17,-15,17,7.4,2563.5,674.5,73.7,-4.1,-1.4,-6.9,719283.417,518969.002
JNM00001001,"JAN MAYEN, JN",70.9331,-8.6667,10,1980-12,19,10,31,27,-17.3,17.7,2.8,3339.5,776,95.6,-6.7,-4.5,-8.9,920311.349,650434.675
JNM00001001,"JAN MAYEN, JN",70.9331,-8.6667,10,1981-01,27,13,31,29,-18.2,9.8,1,4144,804.5,76.4,-7.6,-4.6,-10.6,1019178.887,717769.921
JNM00001001,"JAN MAYEN, JN",70.9331,-8.6667,10,1981-02,22,13,28,20,-17.5,27.3,1.7,4806.2,662.2,107,-5.3,-3.1,-7.6,954012.155,699090.437
JNM00001001,"JAN MAYEN, JN",70.9331,-8.6667,10,1981-03,17,4,31,27,-14.2,10.4,1.4,5581.7,775.5,32.6,-6.7,-4.5,-8.9,942886.555,693543.236
JNM00001001,"JAN MAYEN, JN",70.9331,-8.6667,10,1981-04,15,5,30,19,-8.9,6.4,5.4,6244,662.3,29.4,-3.7,-1.8,-5.7,904614.352,645522.625
JNM00001001,"JAN MAYEN, JN",70.9331,-8.6667,10,1981-05,15,4,25,12,-9.1,4,5.1,6832.4,588.4,24,-0.6,1.2,-2.5,928662.56,624683.899
JNM00001001,"JAN MAYEN, JN",70.9331,-8.6667,10,1981-06,4,1,21,6,-3.8,3.1,8.5,7359,526.6,5.9,0.8,2.5,-1,868022.705,561196.139
JNM00001001,"JAN MAYEN, JN",70.9331,-8.6667,10,1981-07,15,6,0,0,0.1,15.1,7.7,445.2,445.2,43.1,4,5.6,2.3,712216.474,407287.307
JNM00001001,"JAN MAYEN, JN",70.9331,-8.6667,10,1981-08,14,7,1,0,-0.7,12.9,9.2,866.2,421,49.6,4.8,6.3,3.2,521332.772,250501.865
JNM00001001,"JAN MAYEN, JN",70.9331,-8.6667,10,1981-09,16,5,14,3,-3.7,10.7,8.4,1344.8,478.6,43.2,2.4,4.1,0.7,394359.013,198575.358
JNM00001001,"JAN MAYEN, JN",70.9331,-8.6667,10,1981-10,20,6,26,16,-6,19.1,4.6,1939.2,594.4,56.8,-0.8,0.6,-2.3,577079.067,395988.104
JNM00001001,"JAN MAYEN, JN",70.9331,-8.6667,10,1981-11,22,10,28,18,-9,26.4,8.1,2572.6,633.4,97.2,-2.8,-0.8,-4.7,713551.545,488441.766
JNM00001001,"JAN MAYEN, JN",70.9331,-8.6667,10,1981-12,17,8,31,26,-14.4,10.9,1.1,3331,758.4,50.8,-6.1,-3.9,-8.4,968958.346,673897.167
JNM00001001,"JAN MAYEN, JN",70.9331,-8.6667,10,1982-01,17,7,31,28,-16.5,13.9,1.1,4176.3,845.3,59.6,-8.9,-5.8,-12.1,1105396.62,804087.941
JNM00001001,"JAN MAYEN, JN",70.9331,-8.6667,10,1982-02,16,5,28,14,-12.6,5.4,6,4781.5,605.2,36.2,-3.3,-1.1,-5.5,1076458.06,774075.312
JNM00001001,"JAN MAYEN, JN",70.9331,-8.6667,10,1982-03,22,10,31,18,-18.9,8.3,1.3,5488.5,707,74.5,-4.5,-2.4,-6.6,1018395.266,696066.952
JNM00001001,"JAN MAYEN, JN",70.9331,-8.6667,10,1982-04,19,6,30,20,-14.4,11.7,2.6,6195.2,706.7,61.4,-5.2,-2.6,-7.9,1009477.805,684269.14
JNM00001001,"JAN MAYEN, JN",70.9331,-8.6667,10,1982-05,12,2,28,17,-8.4,3.6,3.8,6820.2,625,17,-1.8,-0.3,-3.4,860546.493,594303.917
JNM00001001,"JAN MAYEN, JN",70.9331,-8.6667,10,1982-06,6,2,23,3,-3.5,5,6.4,7346.4,526.2,9.9,0.8,2.6,-1,759931.404,521898.603
JNM00001001,"JAN MAYEN, JN",70.9331,-8.6667,10,1982-07,18,6,0,0,0.2,9.4,9.3,445.4,445.4,44.1,4,5.4,2.5,659413.376,368258.948
JNM00001001,"JAN MAYEN, JN",70.9331,-8.6667,10,1982-08,15,6,0,0,0.4,7.9,10.2,859.7,414.3,49.2,5,6.7,3.2,419844.75,217852.388
JNM00001001,"JAN MAYEN, JN",70.9331,-8.6667,10,1982-09,19,8,17,2,-4.2,36.4,6.1,1366.6,506.9,89.3,1.4,2.8,0.1,437137.663,282838.955
JNM00001001,"JAN MAYEN, JN",70.9331,-8.6667,10,1982-10,16,5,18,8,-3.9,13.1,5.4,1906.7,540.1,55.1,0.9,2.3,-0.5,516959.221,353586.204
JNM00001001,"JAN MAYEN, JN",70.9331,-8.6667,10,1982-11,20,11,27,19,-8.2,22.8,3.7,2551.6,644.9,95.5,-3.2,-1.6,-4.8,637177.992,440064.27
JNM00001001,"JAN MAYEN, JN",70.9331,-8.6667,10,1982-12,27,8,31,20,-14,8.2,2.5,3252,700.4,56,-4.3,-2,-6.6,798920.928,556565.524
JNM00001001,"JAN MAYEN, JN",70.9331,-8.6667,10,1983-01,26,8,31,21,-13.4,8.2,2.2,3939.7,687.7,57.9,-3.9,-1.5,-6.2,808830.324,559247.349
JNM00001001,"JAN MAYEN, JN",70.9331,-8.6667,10,1983-02,24,7,27,15,-15.4,10.9,6.2,4590.7,651,59.4,-4.9,-1.5,-8.3,965938.302,641860.798
JNM00001001,"JAN MAYEN, JN",70.9331,-8.6667,10,1983-03,26,11,31,18,-17,26.8,2.4,5325,734.3,107.6,-5.4,-3.1,-7.6,953258.656,641397.071
JNM00001001,"JAN MAYEN, JN",70.9331,-8.6667,10,1983-04,13,2,30,23,-10,4,2.8,5970.9,645.9,18.9,-3.2,-1.3,-5.1,839742.776,595592.782
JNM00001001,"JAN MAYEN, JN",70.9331,-8.6667,10,1983-05,7,4,23,8,-7,4.5,5.4,6539.6,568.7,17.4,0,1.6,-1.6,762641.522,541772.015
JNM00001001,"JAN MAYEN, JN",70.9331,-8.6667,10,1983-06,16,7,16,2,-3.9,9.1,6.4,7038.6,499,49,1.7,3.3,0.1,686416.962,435890.491
JNM00001001,"JAN MAYEN, JN",70.9331,-8.6667,10,1983-07,13,9,0,0,1,12.2,10.4,423.8,423.8,53.5,4.7,6.2,3.2,522538.867,263749.493
JNM00001001,"JAN MAYEN, JN",70.9331,-8.6667,10,1983-08,18,9,0,0,0.6,8.6,8.4,853.9,430.1,55.9,4.5,6,2.9,390816.543,198729.043
JNM00001001,"JAN MAYEN, JN",70.9331,-8.6667,10,1983-09,16,6,9,4,-3.8,16.5,7.1,1341.1,487.2,56,2.1,3.4,0.8,389657.772,236127.99
JNM00001001,"JAN MAYEN, JN",70.9331,-8.6667,10,1983-10,15,6,29,11,-8.8,9.1,3.5,1951.5,610.4,42.6,-1.4,0.2,-2.9,499033.51,364081.9
JNM00001001,"JAN MAYEN, JN",70.9331,-8.6667,10,1983-11,20,4,30,26,-12.6,8.9,3.5,2650.7,699.2,33.9,-5,-2.7,-7.2,666804.663,478675.978
JNM00001001,"JAN MAYEN, JN",70.9331,-8.6667,10,1983-12,22,5,31,24,-13,19.1,2.6,3363.7,713,73.3,-4.7,-2.6,-6.8,775227.192,556750.242
JNM00001001,"JAN MAYEN, JN",70.9331,-8.6667,10,1984-01,24,8,27,19,-13,6.1,2.1,4035.8,672.1,43,-3.4,-1.5,-5.2,697391.695,511279.488
JNM00001001,"JAN MAYEN, JN",70.9331,-8.6667,10,1984-02,26,14,23,7,-12.2,9.3,5.2,4600.4,564.6,88.2,-1.1,0.7,-2.9,691007.711,501103.113
JNM00001001,"JAN MAYEN, JN",70.9331,-8.6667,10,1984-03,15,6,28,16,-12.4,18.9,8,5274.5,674.1,61.5,-3.4,-0.7,-6.1,790589.426,573310.459
JNM00001001,"JAN MAYEN, JN",70.9331,-8.6667,10,1984-04,18,7,28,6,-7,10.4,9.8,5835.9,561.4,58.5,-0.4,1.4,-2.1,717948.311,521096.572
JNM00001001,"JAN MAYEN, JN",70.9331,-8.6667,10,1984-05,19,8,21,12,-6.4,15,4.5,6420.5,584.6,59,-0.5,0.9,-1.9,732095.634,510213.002
JNM00001001,"JAN MAYEN, JN",70.9331,-8.6667,10,1984-06,11,4,8,0,-1.7,12.2,12.8,6882.7,462.2,33,2.9,4.9,1,690305.531,448887.263
JNM00001001,"JAN MAYEN, JN",70.9331,-8.6667,10,1984-07,12,6,2,0,-0.8,4.9,10.6,418.1,418.1,30.3,4.9,6.6,3.1,539106.583,264821.723
JNM00001001,"JAN MAYEN, JN",70.9331,-8.6667,10,1984-08,19,7,2,0,-0.5,13.7,9.9,825.3,407.2,53.8,5.2,6.8,3.6,311362.417,129376.14
JNM00001001,"JAN MAYEN, JN",70.9331,-8.6667,10,1984-09,17,6,3,0,-2.7,10.1,7.6,1272.3,447,52.2,3.4,4.9,2,287755.567,134661.562
JNM00001001,"JAN MAYEN, JN",70.9331,-8.6667,10,1984-10,12,6,15,9,-6.5,10.6,7.3,1812.6,540.3,33.6,0.9,2.4,-0.6,431073.718,288865.41
JNM00001001,"JAN MAYEN, JN",70.9331,-8.6667,10,1984-11,19,10,23,6,-11.4,13.1,5,2372.4,559.8,67.5,-0.3,1.6,-2.3,563290.345,406253.355
JNM00001001,"JAN MAYEN, JN",70.9331,-8.6667,10,1984-12,21,14,26,5,-6.6,11.5,4.2,2935.5,563.1,78.3,0.2,1.8,-1.5,565246.279,387672.409
JNM00001001,"JAN MAYEN, JN",70.9331,-8.6667,10,1985-01,15,3,27,17,-14,4.2,6.7,3612.6,677.1,26.4,-3.5,-1,-6,689548.657,450270.806
JNM00001001,"JAN MAYEN, JN",70.9331,-8.6667,10,1985-02,20,12,28,20,-17,23,2.6,4276.1,663.5,104.2,-5.4,-2.2,-8.5,805579.887,548640.141
JNM00001001,"JAN MAYEN, JN",70.9331,-8.6667,10,1985-03,25,15,31,15,-18,17.9,1.8,4990.8,714.7,124.5,-4.7,-2.5,-6.9,872985.673,580263.71
JNM00001001,"JAN MAYEN, JN",70.9331,-8.6667,10,1985-04,14,5,30,24,-14.7,7,3.5,5711.8,721,33.1,-5.7,-2.9,-8.5,977487.755,671685.07
JNM00001001,"JAN MAYEN, JN",70.9331,-8.6667,10,1985-05,9,6,28,3,-4.9,5.3,7.2,6270,558.2,24,0.3,2.2,-1.6,819949.489,559840.398
JNM00001001,"JAN MAYEN, JN",70.9331,-8.6667,10,1985-06,11,1,12,0,-2.2,8.1,8.4,6753.4,483.4,17.1,2.2,4,0.4,695742.741,464352.384
JNM00001001,"JAN MAYEN, JN",70.9331,-8.6667,10,1985-07,20,5,0,0,1.5,35.3,12.3,403.7,403.7,99.7,5.3,7,3.6,422493.782,182441.375
JNM00001001,"JAN MAYEN, JN",70.9331,-8.6667,10,1985-08,10,3,0,0,1.4,12.1,14.8,820.1,416.4,37.9,4.9,6.6,3.2,182621.722,71387.962
JNM00001001,"JAN MAYEN, JN",70.9331,-8.6667,10,1985-09,18,4,13,0,-4.6,9.4,6.9,1310.9,490.8,49.9,2,3.5,0.4,174756.773,89275.208
JNM00001001,"JAN MAYEN, JN",70.9331,-8.6667,10,1985-10,22,15,23,4,-12,24.6,7.6,1879.8,568.9,130.1,0,2.4,-2.5,420962.73,301049.451
JNM00001001,"JAN MAYEN, JN",70.9331,-8.6667,10,1985-11,20,4,27,19,-9.7,20,3.1,2533.7,653.9,53.6,-3.5,-1.6,-5.3,585572.939,425518.233
JNM00001001,"JAN MAYEN, JN",70.9331,-8.6667,10,1985-12,12,3,31,31,-14.9,7.1,0,3326.6,792.9,26.7,-7.2,-5.1,-9.4,844260.057,595316.497
JNM00001001,"JAN MAYEN, JN",70.9331,-8.6667,10,1986-01,19,7,31,22,-20,5.5,2.1,4078.8,752.2,42.4,-5.9,-3.2,-8.6,985781.573,704244.286
JNM00001001,"JAN MAYEN, JN",70.9331,-8.6667,10,1986-02,10,2,28,19,-21.2,4,3.5,4758.8,680,14.4,-5.9,-2.4,-9.5,1026059.295,748774.619
JNM00001001,"JAN MAYEN, JN",70.9331,-8.6667,10,1986-03,19,11,31,17,-21.6,5.2,1.6,5469.3,710.5,45.4,-4.6,-2.1,-7.1,1010596.456,764359.083
JNM00001001,"JAN MAYEN, JN",70.9331,-8.6667,10,1986-04,13,6,24,16,-17.3,18.8,5.9,6123.9,654.6,48.1,-3.5,-0.9,-6.1,1060325.904,811586.052
JNM00001001,"JAN MAYEN, JN",70.9331,-8.6667,10,1986-05,12,2,25,12,-6.5,4.8,8.3,6703.7,579.8,16.2,-0.4,1.4,-2.2,857763.61,647553.602
JNM00001001,"JAN MAYEN, JN",70.9331,-8.6667,10,1986-06,19,7,7,0,-3.1,9.7,11.1,7161.8,458.1,53.8,3.1,5.4,0.7,720355.818,502330.78
JNM00001001,"JAN MAYEN, JN",70.9331,-8.6667,10,1986-07,12,5,4,0,-1.1,20.5,7.6,451.2,451.2,57.3,3.8,5.3,2.2,550128.46,294379.372
JNM00001001,"JAN MAYEN, JN",70.9331,-8.6667,10,1986-08,11,3,0,0,0.2,6.5,9.9,855.5,404.3,22.6,5.3,6.8,3.8,314531.933,165397.895
JNM00001001,"JAN MAYEN, JN",70.9331,-8.6667,10,1986-09,23,9,7,1,-4.9,15.2,8.5,1322.7,467.2,81.5,2.8,4.4,1.1,300850.445,165652.576
JNM00001001,"JAN MAYEN, JN",70.9331,-8.6667,10,1986-10,25,14,19,4,-4.8,13.2,5.6,1850.9,528.2,127.9,1.3,3.2,-0.6,456986.386,320079.172
JNM00001001,"JAN MAYEN, JN",70.9331,-8.6667,10,1986-11,24,8,26,12,-12.7,38.5,4,2455.6,604.7,87.4,-1.8,-0.2,-3.4,569588.953,412526.416
JNM00001001,"JAN MAYEN, JN",70.9331,-8.6667,10,1986-12,21,8,23,12,-12.8,10.3,3.2,3093.3,637.7,63,-2.2,-0.5,-3.9,661694.861,461533.797
JNM00001001,"JAN MAYEN, JN",70.9331,-8.6667,10,1987-01,15,9,22,15,-12.9,15.5,6.1,3742.1,648.8,67.9,-2.6,-0.5,-4.7,835072.991,562697.777
JNM00001001,"JAN MAYEN, JN",70.9331,-8.6667,10,1987-02,15,7,28,24,-25,13.1,1.9,4517.6,775.5,42.6,-9.4,-6.3,-12.5,996458.836,722425.735
JNM00001001,"JAN MAYEN, JN",70.9331,-8.6667,10,1987-03,24,11,29,14,-15.1,13.1,2.3,5208.4,690.8,77.8,-3.9,-1.9,-6.1,980249.462,715008.98
JNM00001001,"JAN MAYEN, JN",70.9331,-8.6667,10,1987-04,25,9,27,9,-8.6,17.5,1.9,5798.9,590.5,86.7,-1.4,0.5,-3.2,851108.339,628526.083
JNM00001001,"JAN MAYEN, JN",70.9331,-8.6667,10,1987-05,10,5,21,6,-8.6,21.1,9.6,6352.7,553.8,41.3,0.5,2.4,-1.5,821982.929,575894.418
JNM00001001,"JAN MAYEN, JN",70.9331,-8.6667,10,1987-06,3,1,6,0,-1.7,3,6.3,6824.5,471.8,4.7,2.6,4.1,1.1,740030.72,454293.171
JNM00001001,"JAN MAYEN, JN",70.9331,-8.6667,10,1987-07,11,3,0,0,1.6,12.9,13.4,395.4,395.4,34.6,5.6,7.2,3.9,542545.68,298930.467
JNM00001001,"JAN MAYEN, JN",70.9331,-8.6667,10,1987-08,13,3,1,0,-0.2,14.7,9.1,814,418.6,29.8,4.8,6.5,3.1,448224.244,227080.805
JNM00001001,"JAN MAYEN, JN",70.9331,-8.6667,10,1987-09,18,7,10,1,-4.2,12.8,9.8,1253.6,439.6,57.7,3.7,5.4,2,421269.443,257277.631
JNM00001001,"JAN MAYEN, JN",70.9331,-8.6667,10,1987-10,19,11,19,8,-6.1,31.3,5.9,1799.7,546.1,148.1,0.7,2.3,-0.8,543454.236,410830.753
JNM00001001,"JAN MAYEN, JN",70.9331,-8.6667,10,1987-11,17,8,25,8,-9.4,13.3,5.1,2405.9,606.2,66.2,-1.9,1,-4.8,729894.5,552750.275
JNM00001001,"JAN MAYEN, JN",70.9331,-8.6667,10,1987-12,24,11,31,24,-23.5,9.9,6.4,3309.7,903.8,71,-10.8,-7.2,-14.4,719117.3982,491428.7359
JNM00001001,"JAN MAYEN, JN",70.9331,-8.6667,10,1988-01,20,5,31,27,-25.5,5.3,0.8,4215.8,906.1,36.8,-10.9,-7.7,-14.1,768418.2879,536675.667
JNM00001001,"JAN MAYEN, JN",70.9331,-8.6667,10,1988-02,18,9,29,17,-11.8,23.7,2.2,4842.6,626.8,99,-3.3,-1.2,-5.4,962019.828,709290.059
JNM00001001,"JAN MAYEN, JN",70.9331,-8.6667,10,1988-03,17,5,31,27,-17.5,15.8,1.9,5645.8,803.2,62.2,-7.6,-5.3,-9.9,1082179.764,800635.214
JNM00001001,"JAN MAYEN, JN",70.9331,-8.6667,10,1988-04,15,3,30,27,-16.3,11.2,4.9,6398.5,752.7,33.2,-6.8,-4.2,-9.3,1058924.345,800409.934
JNM00001001,"JAN MAYEN, JN",70.9331,-8.6667,10,1988-05,16,3,29,11,-7.3,6.9,3.8,6989.8,591.3,25.4,-0.7,0.8,-2.3,889804.669,588473.251
JNM00001001,"JAN MAYEN, JN",70.9331,-8.6667,10,1988-06,14,7,14,4,-2.9,38.7,11.9,7482.5,492.7,104.7,1.9,3.9,-0.1,767060.775,463662.468
JNM00001001,"JAN MAYEN, JN",70.9331,-8.6667,10,1988-07,17,8,5,0,-1.1,8.3,10.6,423.2,423.2,50.4,4.7,6.6,2.7,550822.441,301392.075
JNM00001001,"JAN MAYEN, JN",70.9331,-8.6667,10,1988-08,16,7,0,0,2,11.9,9.4,806.7,383.5,47.2,6,7.4,4.6,384217.674,178592.237
JNM00001001,"JAN MAYEN, JN",70.9331,-8.6667,10,1988-09,19,4,11,1,-3,15.9,10.4,1257.1,450.4,44.6,3.3,4.7,1.9,377878.413,201825.834
JNM00001001,"JAN MAYEN, JN",70.9331,-8.6667,10,1988-10,13,5,24,9,-8.9,11.5,6,1842.7,585.6,45.6,-0.6,1.5,-2.6,552899.076,422454.213
JNM00001001,"JAN MAYEN, JN",70.9331,-8.6667,10,1988-11,17,6,29,19,-15.1,6.1,4.6,2533.9,691.2,38.3,-4.7,-1.8,-7.6,760243.886,585932.024
JNM00001001,"JAN MAYEN, JN",70.9331,-8.6667,10,1988-12,21,10,30,23,-23.2,23.5,5.4,3366.7,832.8,86.9,-8.5,-4.8,-12.2,1066550.296,850765.028
JNM00001001,"JAN MAYEN, JN",70.9331,-8.6667,10,1989-01,27,15,31,25,-20.4,13.5,3,4139.8,773.1,120.2,-6.6,-2.9,-10.3,1070865.26,852778.607
JNM00001001,"JAN MAYEN, JN",70.9331,-8.6667,10,1989-02,18,6,28,22,-17.1,8.5,1.5,4818.4,678.6,49.6,-5.9,-3.4,-8.4,1022068.839,758389.709
JNM00001001,"JAN MAYEN, JN",70.9331,-8.6667,10,1989-03,16,2,31,22,-19.7,13.7,1.7,5600.3,781.9,31.9,-6.9,-4.1,-9.6,1044157.019,768110.662
JNM00001001,"JAN MAYEN, JN",70.9331,-8.6667,10,1989-04,19,10,30,11,-7.8,13.6,3.2,6199.9,599.6,68.7,-1.7,-0.1,-3.2,884940.884,672095.479
JNM00001001,"JAN MAYEN, JN",70.9331,-8.6667,10,1989-05,10,6,29,11,-5.9,19.4,4.3,6798.4,598.5,49.1,-1,0.6,-2.5,820891.16,617927.553
JNM00001001,"JAN MAYEN, JN",70.9331,-8.6667,10,1989-06,15,5,14,0,-1.5,13.9,7.4,7294.8,496.4,48.7,1.8,3.3,0.2,841799.447,573919.253
JNM00001001,"JAN MAYEN, JN",70.9331,-8.6667,10,1989-07,10,7,2,0,-1.1,9.4,10.6,407.3,407.3,42.8,5.2,7.7,2.7,682718.169,355457.435
JNM00001001,"JAN MAYEN, JN",70.9331,-8.6667,10,1989-08,15,7,0,0,0.6,6.2,13.3,791.7,384.4,41,5.9,7.6,4.2,481687.682,252099.495
JNM00001001,"JAN MAYEN, JN",70.9331,-8.6667,10,1989-09,23,13,10,0,-3.5,28.2,6.6,1260.3,468.6,176.5,2.7,4.6,0.8,441875.988,255613.299
JNM00001001,"JAN MAYEN, JN",70.9331,-8.6667,10,1989-10,20,8,21,6,-7.3,11.4,5.5,1820.3,560,55.9,0.3,1.9,-1.4,516127.349,382131.788
JNM00001001,"JAN MAYEN, JN",70.9331,-8.6667,10,1989-11,14,6,24,10,-10.5,8.4,6.9,2396.9,576.6,38.6,-0.9,1.5,-3.3,674006.526,496166.286
JNM00001001,"JAN MAYEN, JN",70.9331,-8.6667,10,1989-12,18,9,30,22,-19.8,16,5.5,3174.6,777.7,87.2,-6.7,-3.6,-9.9,937317.104,689247.596
JNM00001001,"JAN MAYEN, JN",70.9331,-8.6667,10,1990-01,24,8,30,10,-10.7,9.7,3.3,3784.4,609.8,62.3,-1.3,0.3,-2.9,858755.613,577888.746
JNM00001001,"JAN MAYEN, JN",70.9331,-8.6667,10,1990-02,16,5,26,19,-10.2,12.2,3,4377.7,593.3,51,-2.9,-1.3,-4.4,776140.601,522758.99
JNM00001001,"JAN MAYEN, JN",70.9331,-8.6667,10,1990-03,22,12,31,26,-15.4,12.7,1.4,5134.3,756.6,96.4,-6.1,-3.9,-8.3,881741.359,600064.778
JNM00001001,"JAN MAYEN, JN",70.9331,-8.6667,10,1990-04,16,9,30,19,-10.3,11.3,2.2,5789.2,654.9,50.5,-3.5,-1.4,-5.6,867750.231,599800.89
JNM00001001,"JAN MAYEN, JN",70.9331,-8.6667,10,1990-05,12,1,30,4,-3.4,6,6.7,6360.5,571.3,15.9,-0.1,1.8,-1.9,821753.532,541163.544
JNM00001001,"JAN MAYEN, JN",70.9331,-8.6667,10,1990-06,10,2,3,0,-1.9,3.7,13.8,6807.3,446.8,15.4,3.4,5.1,1.7,749352.491,448844.452
JNM00001001,"JAN MAYEN, JN",70.9331,-8.6667,10,1990-07,12,5,0,0,0.1,21.6,13.6,381.8,381.8,53,6,8.1,4,549156.041,272008.022
JNM00001001,"JAN MAYEN, JN",70.9331,-8.6667,10,1990-08,22,13,0,0,2.4,13.2,14,725.6,343.8,82.9,7.2,8.9,5.6,333613.334,148245.422
JNM00001001,"JAN MAYEN, JN",70.9331,-8.6667,10,1990-09,20,9,3,0,-1.6,22.6,9.7,1129,403.4,86.7,4.9,6.4,3.3,195903.864,77718.878
JNM00001001,"JAN MAYEN, JN",70.9331,-8.6667,10,1990-10,19,8,21,8,-6.2,32.9,8,1683.5,554.5,88.8,0.4,2.1,-1.2,435146.499,292218.215
JNM00001001,"JAN MAYEN, JN",70.9331,-8.6667,10,1990-11,22,4,26,13,-9.6,8.6,5.8,2287.4,603.9,40.9,-1.8,0.6,-4.2,597848.088,438853.65
JNM00001001,"JAN MAYEN, JN",70.9331,-8.6667,10,1990-12,27,12,29,10,-13.9,20.3,5.4,2955.6,668.2,108.2,-3.2,-0.1,-6.4,694515.116,492789.259
JNM00001001,"JAN MAYEN, JN",70.9331,-8.6667,10,1991-01,22,13,27,8,-8,14.4,5.4,3563.5,607.9,95.5,-1.3,0.9,-3.4,681715.48,486298.756
JNM00001001,"JAN MAYEN, JN",70.9331,-8.6667,10,1991-02,13,2,23,13,-11.2,9.8,3.3,4143.4,579.9,22.3,-2.4,-0.7,-4.1,789728.752,564538.158
JNM00001001,"JAN MAYEN, JN",70.9331,-8.6667,10,1991-03,18,7,27,11,-12.1,4.4,4.6,4782.1,638.7,33.1,-2.3,-0.7,-3.9,843301.738,589032.805
JNM00001001,"JAN MAYEN, JN",70.9331,-8.6667,10,1991-04,21,10,29,19,-10.5,8.2,2.8,5433,650.9,50.2,-3.4,-1.1,-5.6,813158.958,594376.324
JNM00001001,"JAN MAYEN, JN",70.9331,-8.6667,10,1991-05,13,5,28,6,-5.8,12.7,6,6006.1,573.1,38.7,-0.1,1.4,-1.7,736636.458,530691.722
JNM00001001,"JAN MAYEN, JN",70.9331,-8.6667,10,1991-06,1,1,15,1,-2.1,3.9,7.2,6487.7,481.6,5.5,2.3,4.2,0.3,674895.788,432502.088
JNM00001001,"JAN MAYEN, JN",70.9331,-8.6667,10,1991-07,14,3,0,0,0.8,10.8,10.8,385.7,385.7,30.4,5.9,7.7,4.1,457481.872,220320.813
JNM00001001,"JAN MAYEN, JN",70.9331,-8.6667,10,1991-08,18,10,0,0,0.9,16.7,9.8,752.1,366.4,96.6,6.5,8,5.1,234218.73,100424.619
JNM00001001,"JAN MAYEN, JN",70.9331,-8.6667,10,1991-09,20,8,6,2,-2,17.5,8.6,1199.4,447.3,74.7,3.4,4.9,1.9,200595.556,105437.59
JNM00001001,"JAN MAYEN, JN",70.9331,-8.6667,10,1991-10,17,11,19,3,-5,12.4,8.4,1737.1,537.7,90.5,1,2.9,-0.9,412286.327,298358.118
JNM00001001,"JAN MAYEN, JN",70.9331,-8.6667,10,1991-11,19,7,27,14,-9.7,12.7,4.5,2345,607.9,64.5,-1.9,0.4,-4.2,580747.651,442863.874
JNM00001001,"JAN MAYEN, JN",70.9331,-8.6667,10,1991-12,23,13,27,12,-14.8,10.6,7,3023.3,678.3,90.7,-3.6,-0.7,-6.4,703260.636,514100.932
JNM00001001,"JAN MAYEN, JN",70.9331,-8.6667,10,1992-01,23,12,28,16,-13.7,42.1,7.7,3723,699.7,118.2,-4.2,-0.7,-7.7,840950.456,591588.605
JNM00001001,"JAN MAYEN, JN",70.9331,-8.6667,10,1992-02,19,9,29,19,-19.1,31.1,2,4396.9,673.9,98,-4.9,-2.2,-7.6,876087.834,642514.893
JNM00001001,"JAN MAYEN, JN",70.9331,-8.6667,10,1992-03,15,9,31,24,-17.2,8.3,2.7,5138.3,741.4,51.5,-5.6,-3.5,-7.7,864785.352,653900.083
JNM00001001,"JAN MAYEN, JN",70.9331,-8.6667,10,1992-04,13,6,29,20,-15.8,13.3,3,5807,668.7,43.2,-4,-1.7,-6.2,879710.995,661411.051
JNM00001001,"JAN MAYEN, JN",70.9331,-8.6667,10,1992-05,15,4,25,10,-7.1,12.8,5.4,6390.8,583.8,42,-0.5,1.1,-2.1,798850.516,594458.546
JNM00001001,"JAN MAYEN, JN",70.9331,-8.6667,10,1992-06,17,4,6,0,-1.7,16.2,10.9,6849.6,458.8,42.5,3,4.9,1.2,800334.228,503669.262
JNM00001001,"JAN MAYEN, JN",70.9331,-8.6667,10,1992-07,12,2,3,0,-0.6,5.7,11.9,423.3,423.3,25.7,4.7,6.4,3,641664.23,377249.337
JNM00001001,"JAN MAYEN, JN",70.9331,-8.6667,10,1992-08,17,6,1,0,-0.4,9.1,8.9,837.7,414.4,47,5,6.5,3.4,480767.332,261633.418
JNM00001001,"JAN MAYEN, JN",70.9331,-8.6667,10,1992-09,19,7,3,0,-0.8,12,8.7,1240.4,402.7,56.6,4.9,6.3,3.5,436692.543,258082.835
JNM00001001,"JAN MAYEN, JN",70.9331,-8.6667,10,1992-10,19,7,21,6,-7.9,26.8,7.3,1787.2,546.8,79.8,0.7,2.7,-1.3,527992.768,368358.974
JNM00001001,"JAN MAYEN, JN",70.9331,-8.6667,10,1992-11,19,8,17,3,-5.5,12.6,4.6,2316.5,529.3,65.1,0.7,2.1,-0.8,600747.945,454464.918
JNM00001001,"JAN MAYEN, JN",70.9331,-8.6667,10,1992-12,20,9,30,13,-12.4,26.4,4.2,2964.3,647.8,87.6,-2.6,-0.2,-4.9,644896.561,477798.959
JNM00001001,"JAN MAYEN, JN",70.9331,-8.6667,10,1993-01,23,16,30,23,-16.8,18.5,3.2,3694.4,730.1,134.2,-5.2,-2.8,-7.6,771364.816,565036.634
JNM00001001,"JAN MAYEN, JN",70.9331,-8.6667,10,1993-02,20,9,28,17,-14.1,6.1,3.3,4369.4,675,53.9,-5.8,-2.7,-8.9,860701.759,613127.557
JNM00001001,"JAN MAYEN, JN",70.9331,-8.6667,10,1993-03,23,10,29,17,-16.3,14,5.3,5042.1,672.7,81.4,-3.4,-0.8,-5.9,803708.673,611639.012
JNM00001001,"JAN MAYEN, JN",70.9331,-8.6667,10,1993-04,12,4,27,12,-8.3,8.6,3.9,5639.7,597.6,39,-1.6,0.2,-3.4,741577.122,574407.797
JNM00001001,"JAN MAYEN, JN",70.9331,-8.6667,10,1993-05,12,4,27,7,-7.9,11.6,4.4,6223.2,583.5,35.9,-0.5,1.2,-2.2,738905.755,567810.848
JNM00001001,"JAN MAYEN, JN",70.9331,-8.6667,10,1993-06,11,4,11,0,-2.3,9.3,5.9,6714.8,491.6,29.9,1.9,3.3,0.6,717114.658,508007.761
JNM00001001,"JAN MAYEN, JN",70.9331,-8.6667,10,1993-07,13,2,0,0,1.1,6.7,13.6,389.9,389.9,22.6,5.8,7.8,3.7,600236.137,360458.077
JNM00001001,"JAN MAYEN, JN",70.9331,-8.6667,10,1993-08,20,6,0,0,1.4,19.8,10.8,787.7,397.8,72.7,5.5,7,4,434072.049,227282.982
JNM00001001,"JAN MAYEN, JN",70.9331,-8.6667,10,1993-09,20,3,4,0,-2.1,4.2,7.6,1240.3,452.6,25.5,3.3,4.9,1.6,410280.724,243710.196
JNM00001001,"JAN MAYEN, JN",70.9331,-8.6667,10,1993-10,17,8,23,11,-6.7,8.1,8.8,1821.2,580.9,52.8,-0.4,1.9,-2.7,525429.799,382938.356
JNM00001001,"JAN MAYEN, JN",70.9331,-8.6667,10,1993-11,21,15,13,3,-5.3,11.7,4.2,2329.6,508.4,85.6,1.4,2.7,0.1,578570.999,402269.374
JNM00001001,"JAN MAYEN, JN",70.9331,-8.6667,10,1993-12,18,6,25,14,-12.9,17.1,3.2,2997.5,667.9,59.8,-3.2,-1.3,-5.1,657039.103,470503.653
JNM00001001,"JAN MAYEN, JN",70.9331,-8.6667,10,1994-01,18,4,31,28,-12.3,7.1,0.8,3732.4,734.9,36.4,-5.4,-3.2,-7.5,666189.443,495309.814
JNM00001001,"JAN MAYEN, JN",70.9331,-8.6667,10,1994-02,15,6,26,10,-12.1,10.3,2.8,4310.4,578,40.1,-2.3,-0.3,-4.3,696277.702,519858.432
JNM00001001,"JAN MAYEN, JN",70.9331,-8.6667,10,1994-03,24,15,30,16,-10.9,20.9,1.9,4965.4,655,131.3,-2.8,-0.8,-4.8,740923.525,565309.861
JNM00001001,"JAN MAYEN, JN",70.9331,-8.6667,10,1994-04,17,8,26,11,-7.5,6.2,4.1,5554.3,588.9,39.9,-1.3,0.3,-2.9,693923.363,520881.14
JNM00001001,"JAN MAYEN, JN",70.9331,-8.6667,10,1994-05,13,5,21,1,-3.7,7,3.8,6100.1,545.8,31.3,0.7,2,-0.5,692719.226,509117.47
JNM00001001,"JAN MAYEN, JN",70.9331,-8.6667,10,1994-06,9,5,6,0,-2,12.2,7.3,6566.5,466.4,31.6,2.8,4.5,1.1,642773.551,414894.363
JNM00001001,"JAN MAYEN, JN",70.9331,-8.6667,10,1994-07,19,11,1,0,0,20.2,9.8,399,399,113.1,5.5,7.1,3.8,520113.655,268329.853
JNM00001001,"JAN MAYEN, JN",70.9331,-8.6667,10,1994-08,10,3,0,0,1.2,17.9,10.6,804.3,405.3,30.2,5.3,6.9,3.6,411151.099,191776.337
JNM00001001,"JAN MAYEN, JN",70.9331,-8.6667,10,1994-09,15,9,8,1,-2.9,8.9,9.6,1257.2,452.9,56,3.2,4.9,1.6,405828.046,243851.444
JNM00001001,"JAN MAYEN, JN",70.9331,-8.6667,10,1994-10,17,6,30,20,-7.4,20.3,5.1,1899.5,642.3,80,-2.4,-0.7,-4.1,558534.756,446921.479
JNM00001001,"JAN MAYEN, JN",70.9331,-8.6667,10,1994-11,15,7,26,10,-9.6,19.5,4.7,2486.1,586.6,51,-1.2,0.9,-3.4,682916.823,552625.691
JNM00001001,"JAN MAYEN, JN",70.9331,-8.6667,10,1994-12,24,14,28,14,-11.1,18.2,4.3,3140.9,654.8,116.1,-2.8,-0.5,-5.1,679047.426,521902.601
JNM00001001,"JAN MAYEN, JN",70.9331,-8.6667,10,1995-01,22,11,28,20,-12.9,8.2,2.8,3814.2,673.3,72.8,-3.4,-1.2,-5.6,700805.287,545297.521
JNM00001001,"JAN MAYEN, JN",70.9331,-8.6667,10,1995-02,18,4,28,21,-12.3,4.4,1.3,4447.7,633.5,25.6,-4.3,-2.6,-6,754724.917,601266.895
JNM00001001,"JAN MAYEN, JN",70.9331,-8.6667,10,1995-03,25,12,30,23,-13.7,12.4,1.9,5128.1,680.4,80.9,-3.6,-1.6,-5.6,767533.504,610671.071
JNM00001001,"JAN MAYEN, JN",70.9331,-8.6667,10,1995-04,16,2,30,23,-9.6,7,2.1,5771.5,643.4,27.9,-3.1,-1.5,-4.7,813411.819,633375.353
JNM00001001,"JAN MAYEN, JN",70.9331,-8.6667,10,1995-05,5,3,22,10,-4.6,18,5.1,6343.3,571.8,32.6,-0.1,1.3,-1.5,845574.369,632481.355
JNM00001001,"JAN MAYEN, JN",70.9331,-8.6667,10,1995-06,8,3,6,0,-0.8,7.4,10.6,6797.4,454.1,26.1,3.2,5.2,1.2,779581.223,488795.023
JNM00001001,"JAN MAYEN, JN",70.9331,-8.6667,10,1995-07,10,3,3,0,-0.5,5.3,8.8,447.4,447.4,23.3,3.9,5.8,2,568188.651,320222.119
JNM00001001,"JAN MAYEN, JN",70.9331,-8.6667,10,1995-08,14,8,0,0,1.8,11,8.4,866.2,418.8,54.8,4.8,6.4,3.3,462548.348,278662.965
JNM00001001,"JAN MAYEN, JN",70.9331,-8.6667,10,1995-09,15,4,11,0,-3.4,3.7,9.1,1337.9,471.7,25.1,2.6,3.9,1.3,449240.514,285422.929
JNM00001001,"JAN MAYEN, JN",70.9331,-8.6667,10,1995-10,12,5,18,4,-8.4,8.4,5.8,1888.6,550.7,33.8,0.6,2.3,-1.1,491230.115,357705.633
JNM00001001,"JAN MAYEN, JN",70.9331,-8.6667,10,1995-11,15,3,28,15,-9.2,12,5.1,2493.2,604.6,34.7,-1.8,0.3,-4,662511.215,489040.58
JNM00001001,"JAN MAYEN, JN",70.9331,-8.6667,10,1995-12,20,7,24,16,-13.7,14.5,6.2,3190.2,697,69.3,-4.1,-1.8,-6.5,781656.109,556816.59
JNM00001001,"JAN MAYEN, JN",70.9331,-8.6667,10,1996-01,19,8,22,5,-13.2,15,3,3799.1,608.9,76.9,-1.3,0.9,-3.6,828992.371,573721.898
JNM00001001,"JAN MAYEN, JN",70.9331,-8.6667,10,1996-02,17,6,29,19,-16.6,8.1,5.6,4487.3,688.2,43.7,-5.4,-3,-7.8,876163.605,610320.594
JNM00001001,"JAN MAYEN, JN",70.9331,-8.6667,10,1996-03,17,5,24,15,-18.1,8.3,5.2,5136.8,649.5,39.7,-2.6,-0.1,-5.1,892427.862,613760.447
JNM00001001,"JAN MAYEN, JN",70.9331,-8.6667,10,1996-04,10,2,23,14,-16.1,21,3.3,5775.2,638.4,30.4,-2.9,-1.5,-4.4,909078.67,646821.267
JNM00001001,"JAN MAYEN, JN",70.9331,-8.6667,10,1996-05,3,2,27,14,-11.2,4,8.4,6395.4,620.2,8.1,-1.7,0.1,-3.4,907720.007,624786.061
JNM00001001,"JAN MAYEN, JN",70.9331,-8.6667,10,1996-06,11,5,13,0,-2.2,7.6,7.4,6882,486.6,30.9,2.1,3.7,0.5,743693.42,452734.823
JNM00001001,"JAN MAYEN, JN",70.9331,-8.6667,10,1996-07,13,4,1,0,-0.5,17.1,10.5,413,413,47.1,5,6.4,3.7,539970.862,248282.506
JNM00001001,"JAN MAYEN, JN",70.9331,-8.6667,10,1996-08,19,8,0,0,0.2,10.3,9.5,803.1,390.1,49.9,5.8,7.5,4,241809.098,92519.389
JNM00001001,"JAN MAYEN, JN",70.9331,-8.6667,10,1996-09,17,9,3,0,-1.6,12,8.5,1235.5,432.4,72,3.9,5.7,2.2,217824.31,103504.44
JNM00001001,"JAN MAYEN, JN",70.9331,-8.6667,10,1996-10,22,9,16,10,-10.8,9.8,5.9,1802.2,566.7,68.7,0.1,1.7,-1.6,391621.824,256951.637
JNM00001001,"JAN MAYEN, JN",70.9331,-8.6667,10,1996-11,23,7,30,23,-11.2,9,3,2471.5,669.3,59.1,-4,-2.3,-5.7,575070.254,400506.733
JNM00001001,"JAN MAYEN, JN",70.9331,-8.6667,10,1996-12,15,2,31,26,-14.6,16,4,3223.6,752.1,31,-5.9,-3.5,-8.4,916437.894,656074.407
JNM00001001,"JAN MAYEN, JN",70.9331,-8.6667,10,1997-01,17,6,31,20,-23.4,6.5,5.8,4060.4,836.8,40.3,-8.7,-4.3,-13,1110270.286,773314.922
JNM00001001,"JAN MAYEN, JN",70.9331,-8.6667,10,1997-02,16,6,26,19,-13.2,9.9,6.6,4657.9,597.5,58.4,-3,-1.1,-4.9,1036838.85,760790.635
JNM00001001,"JAN MAYEN, JN",70.9331,-8.6667,10,1997-03,22,10,31,25,-14.5,26.5,3.2,5380.1,722.2,103.2,-5,-2.9,-7,968089.453,702446.986
JNM00001001,"JAN MAYEN, JN",70.9331,-8.6667,10,1997-04,15,6,30,24,-13.7,9.8,3.8,6064.7,684.6,37.3,-4.5,-2.3,-6.7,905683.963,632355.762
JNM00001001,"JAN MAYEN, JN",70.9331,-8.6667,10,1997-05,13,6,27,12,-8,25.2,7.2,6663.8,599.1,56.2,-1,0.6,-2.6,847816.12,622215.083
JNM00001001,"JAN MAYEN, JN",70.9331,-8.6667,10,1997-06,14,4,13,1,-2.8,12,10.1,7149.3,485.5,35.9,2.1,4.2,0.1,762993.302,498139.433
JNM00001001,"JAN MAYEN, JN",70.9331,-8.6667,10,1997-07,17,7,2,0,-0.6,11.7,8.5,430.9,430.9,49.6,4.4,5.6,3.3,597093.932,330842.683
JNM00001001,"JAN MAYEN, JN",70.9331,-8.6667,10,1997-08,16,7,0,0,0.4,15.7,14.3,810.6,379.7,64.2,6.1,8,4.2,429593.395,192110.845
JNM00001001,"JAN MAYEN, JN",70.9331,-8.6667,10,1997-09,21,11,12,2,-2.3,15.6,11.3,1279.1,468.5,106.9,2.7,4.5,0.9,372563.273,214143.136
JNM00001001,"JAN MAYEN, JN",70.9331,-8.6667,10,1997-10,14,5,23,10,-9.2,14.1,7.7,1878.5,599.4,42.7,-1,0.8,-2.8,476375.541,332695.5
JNM00001001,"JAN MAYEN, JN",70.9331,-8.6667,10,1997-11,10,6,21,11,-9.6,12.1,5.1,2472.7,594.2,41.5,-1.5,0.2,-3.1,695963.247,513426.358
JNM00001001,"JAN MAYEN, JN",70.9331,-8.6667,10,1997-12,18,8,29,9,-13.2,10.1,8,3098.9,626.2,59.8,-1.9,0.7,-4.4,839285.07,588534.665
JNM00001001,"JAN MAYEN, JN",70.9331,-8.6667,10,1998-01,18,4,27,20,-21.1,9.5,3.6,3862.1,763.2,37.9,-6.3,-3,-9.6,955728.208,694790.723
JNM00001001,"JAN MAYEN, JN",70.9331,-8.6667,10,1998-02,20,9,28,26,-19.5,25.9,1.6,4546.4,684.3,76.9,-6.1,-3.7,-8.5,919041.851,681981.949
JNM00001001,"JAN MAYEN, JN",70.9331,-8.6667,10,1998-03,23,9,30,20,-15.1,14.6,6,5286.9,740.5,63.3,-5.6,-3.1,-8,855346.827,618310.281
JNM00001001,"JAN MAYEN, JN",70.9331,-8.6667,10,1998-04,9,1,27,13,-11.1,5.3,4.5,5893.4,606.5,11.6,-1.9,0,-3.7,822818.946,582649.263
JNM00001001,"JAN MAYEN, JN",70.9331,-8.6667,10,1998-05,9,3,28,10,-4.9,7.7,3.7,6473.4,580,25.5,-0.4,1.1,-1.8,764951.046,538788.056
JNM00001001,"JAN MAYEN, JN",70.9331,-8.6667,10,1998-06,5,1,8,0,-1.7,2.5,8.6,6944,470.6,6,2.6,4.2,1.1,745200.194,501704.092
JNM00001001,"JAN MAYEN, JN",70.9331,-8.6667,10,1998-07,10,1,0,0,1.8,5.7,11.2,397.8,397.8,14.6,5.5,7,4,596445.779,331971.112
JNM00001001,"JAN MAYEN, JN",70.9331,-8.6667,10,1998-08,21,11,0,0,2.9,14.9,9.7,759.6,361.8,92.2,6.7,7.8,5.5,426288.508,182996.431
JNM00001001,"JAN MAYEN, JN",70.9331,-8.6667,10,1998-09,14,4,3,0,-2.4,11.7,8.1,1186.7,427.1,44.3,4.1,5.4,2.8,351664.499,182952.354
JNM00001001,"JAN MAYEN, JN",70.9331,-8.6667,10,1998-10,21,11,13,4,-3.5,29,6.8,1703.3,516.6,103.4,1.7,3.2,0.1,464159.599,325709.105
JNM00001001,"JAN MAYEN, JN",70.9331,-8.6667,10,1998-11,21,9,23,11,-8.3,12.6,4.8,2277.4,574.1,66.7,-0.8,0.7,-2.3,539329.442,379903.247
JNM00001001,"JAN MAYEN, JN",70.9331,-8.6667,10,1998-12,22,5,26,13,-10.2,25.6,3.7,2926.1,648.7,66.9,-2.6,-0.4,-4.8,643538.149,472004.82
JNM00001001,"JAN MAYEN, JN",70.9331,-8.6667,10,1999-01,14,3,30,19,-10.6,5.2,3.1,3588.9,662.8,24.7,-3.1,-1.1,-5,684846.823,523867.084
JNM00001001,"JAN MAYEN, JN",70.9331,-8.6667,10,1999-02,19,11,26,16,-12.1,12.9,2.7,4207.7,618.8,78.8,-3.8,-1.6,-5.9,680748.358,507642.897
JNM00001001,"JAN MAYEN, JN",70.9331,-8.6667,10,1999-03,19,9,29,19,-6.9,9.8,2.4,4829.4,621.7,63.3,-1.7,-0.3,-3.1,665310.356,507691.854
JNM00001001,"JAN MAYEN, JN",70.9331,-8.6667,10,1999-04,9,3,27,16,-9.4,8.5,5.1,5446.3,616.9,22.8,-2.2,-0.3,-4.2,704325.338,535316.88
JNM00001001,"JAN MAYEN, JN",70.9331,-8.6667,10,1999-05,12,7,11,1,-5.6,14,9,5960.4,514.1,51.8,1.8,3.5,0,647921.809,451475.696
JNM00001001,"JAN MAYEN, JN",70.9331,-8.6667,10,1999-06,13,6,4,0,-1.2,10.9,13.9,6386.1,425.7,43.3,4.1,5.9,2.3,557339.281,351119.95
JNM00001001,"JAN MAYEN, JN",70.9331,-8.6667,10,1999-07,12,6,0,0,2.1,11.6,10.3,389.2,389.2,53.9,5.8,7.4,4.2,394844.23,214969.05
JNM00001001,"JAN MAYEN, JN",70.9331,-8.6667,10,1999-08,21,7,0,0,1.7,20.7,8.3,785.6,396.4,67.8,5.6,6.9,4.2,317433.431,189980.65
JNM00001001,"JAN MAYEN, JN",70.9331,-8.6667,10,1999-09,23,7,3,0,-2.7,25.8,8.5,1192.5,406.9,73.8,4.8,6.1,3.4,330355.756,214018.18
JNM00001001,"JAN MAYEN, JN",70.9331,-8.6667,10,1999-10,18,6,10,1,-6.2,12,8,1691.9,499.4,43.2,2.2,3.9,0.5,451872.435,333307.629
JNM00001001,"JAN MAYEN, JN",70.9331,-8.6667,10,1999-11,27,14,25,10,-9.1,14.6,8.4,2256.5,564.6,101.3,-0.5,1.9,-2.9,549725.162,381385.097
JNM00001001,"JAN MAYEN, JN",70.9331,-8.6667,10,1999-12,25,5,28,19,-13,8.2,4,2961.2,704.7,44.9,-4.4,-2.7,-6.1,619151.347,471424.816
JNM00001001,"JAN MAYEN, JN",70.9331,-8.6667,10,2000-01,18,6,31,22,-18.1,10.4,6.1,3663.2,702,44.7,-4.3,-2.1,-6.6,650953.665,465243.043
JNM00001001,"JAN MAYEN, JN",70.9331,-8.6667,10,2000-02,17,7,29,23,-9.3,10.6,2.5,4305.8,642.6,52.9,-3.8,-1.9,-5.7,698569.329,529432.148
JNM00001001,"JAN MAYEN, JN",70.9331,-8.6667,10,2000-03,24,10,31,27,-13,37.4,2.5,5066.7,760.9,88.2,-6.2,-4.2,-8.2,702578.476,523932.186
JNM00001001,"JAN MAYEN, JN",70.9331,-8.6667,10,2000-04,13,4,30,19,-10.1,5.6,3.4,5741.5,674.8,23.1,-4.2,-2.2,-6.1,787923.325,592344.992
JNM00001001,"JAN MAYEN, JN",70.9331,-8.6667,10,2000-05,22,10,25,4,-6.1,12,6.5,6290.2,548.7,68.6,0.6,2.4,-1.2,763507.623,561601.937
JNM00001001,"JAN MAYEN, JN",70.9331,-8.6667,10,2000-06,6,0,19,2,-3.2,2.1,8.2,6785.1,494.9,5.7,1.8,3.9,-0.3,717798.59,498818.822
JNM00001001,"JAN MAYEN, JN",70.9331,-8.6667,10,2000-07,7,2,0,0,0.1,9.2,12.4,394,394,15.8,5.6,7.6,3.7,586687.474,293668.221
JNM00001001,"JAN MAYEN, JN",70.9331,-8.6667,10,2000-08,18,9,0,0,2.1,12.7,10.1,761,367,75.4,6.5,7.8,5.1,383829.987,177698.089
JNM00001001,"JAN MAYEN, JN",70.9331,-8.6667,10,2000-09,22,9,2,0,-1.2,37.6,9.6,1165.3,404.3,105.4,4.9,6.3,3.4,325673.845,171027.797
JNM00001001,"JAN MAYEN, JN",70.9331,-8.6667,10,2000-10,18,12,13,1,-3.5,21.5,6.8,1653.9,488.6,111.4,2.6,4.2,0.9,427704.247,291987.081
JNM00001001,"JAN MAYEN, JN",70.9331,-8.6667,10,2000-11,11,3,14,9,-6.4,4.9,6.4,2187.7,533.8,23.5,0.5,2,-0.9,542924.568,393733.421
JNM00001001,"JAN MAYEN, JN",70.9331,-8.6667,10,2000-12,15,4,26,20,-17.6,8,4.8,2882.9,695.2,36.4,-4.1,-1.8,-6.4,674504.806,518544.957
JNM00001001,"JAN MAYEN, JN",70.9331,-8.6667,10,2001-01,10,4,25,12,-14.6,21,6.8,3526,643.1,42.6,-2.4,0.2,-5.1,814386.927,634569.994
JNM00001001,"JAN MAYEN, JN",70.9331,-8.6667,10,2001-02,22,8,26,18,-19.5,8.2,2.2,4200.7,674.7,50.5,-5.8,-2.2,-9.3,826211.183,616456.199
JNM00001001,"JAN MAYEN, JN",70.9331,-8.6667,10,2001-03,9,2,31,26,-19.3,12.4,1.3,4997.1,796.4,31.2,-7.4,-4.5,-10.2,907282.8,725609.892
JNM00001001,"JAN MAYEN, JN",70.9331,-8.6667,10,2001-04,11,4,29,21,-17.4,18.8,3.1,5671.3,674.2,41.1,-4.1,-2,-6.3,903030.126,712412.994
JNM00001001,"JAN MAYEN, JN",70.9331,-8.6667,10,2001-05,13,4,23,7,-5.5,8.5,9.2,6230.4,559.1,35.7,0.3,1.9,-1.4,815072.645,589588.221
JNM00001001,"JAN MAYEN, JN",70.9331,-8.6667,10,2001-06,6,2,14,0,-2.6,16.7,8.7,6707.1,476.7,24.7,2.4,4.3,0.5,713772.795,444604.634
JNM00001001,"JAN MAYEN, JN",70.9331,-8.6667,10,2001-07,12,4,0,0,0.9,6.1,9.7,407.8,407.8,23.4,5.2,6.6,3.7,461828.39,203429.895
JNM00001001,"JAN MAYEN, JN",70.9331,-8.6667,10,2001-08,16,7,0,0,2,12.6,10.2,770.2,362.4,55.2,6.6,7.8,5.5,239026.388,97315.795
JNM00001001,"JAN MAYEN, JN",70.9331,-8.6667,10,2001-09,13,9,1,0,0,21.1,8.9,1183.4,413.2,98.1,4.6,6.1,3,159519.897,72729.256
JNM00001001,"JAN MAYEN, JN",70.9331,-8.6667,10,2001-10,12,4,9,4,-7.1,7.3,7.2,1689.9,506.5,31.5,2,3.5,0.5,343303.061,225799.834
JNM00001001,"JAN MAYEN, JN",70.9331,-8.6667,10,2001-11,26,13,29,16,-12,19.5,5.8,2341.8,651.9,119.4,-3.4,-0.5,-6.3,541447.358,416485.233
JNM00001001,"JAN MAYEN, JN",70.9331,-8.6667,10,2001-12,16,7,23,15,-12.9,11.5,12.3,2954.4,612.6,56.3,-1.4,0.9,-3.7,638605.621,446987.834
JNM00001001,"JAN MAYEN, JN",70.9331,-8.6667,10,2002-01,21,8,29,15,-16.6,10.2,7.1,3635.7,681.3,60.6,-3.6,-1.2,-6,760791.277,556557.372
JNM00001001,"JAN MAYEN, JN",70.9331,-8.6667,10,2002-02,16,3,28,21,-12.4,6.1,2.4,4306.9,671.2,25.3,-5.6,-3.6,-7.6,779215.727,584100.329
JNM00001001,"JAN MAYEN, JN",70.9331,-8.6667,10,2002-03,19,4,30,26,-15.8,7.3,2.7,5015.7,708.8,33.6,-4.5,-2.5,-6.6,836959.676,645217.778
JNM00001001,"JAN MAYEN, JN",70.9331,-8.6667,10,2002-04,20,9,26,7,-7.8,14.1,6.8,5593.7,578,81,-0.9,0.8,-2.7,755638.769,581311.143
JNM00001001,"JAN MAYEN, JN",70.9331,-8.6667,10,2002-05,17,7,19,5,-3.5,10.7,9.4,6110.3,516.6,51.9,1.7,3.5,-0.1,700560.828,541687.397
JNM00001001,"JAN MAYEN, JN",70.9331,-8.6667,10,2002-06,2,1,0,0,0.8,7,14.6,6513.2,402.9,9.7,4.9,6.6,3.2,631306.082,373097.082
JNM00001001,"JAN MAYEN, JN",70.9331,-8.6667,10,2002-07,8,2,0,0,2.8,4,11.8,344.6,344.6,11.8,7.2,8.9,5.5,358804.902,140260.266
JNM00001001,"JAN MAYEN, JN",70.9331,-8.6667,10,2002-08,17,6,0,0,3.7,13,11.3,684.9,340.3,59.7,7.4,8.7,6,105254.796,45269.535
JNM00001001,"JAN MAYEN, JN",70.9331,-8.6667,10,2002-09,15,5,2,0,-0.9,21.5,11.9,1101.9,417,45.1,4.4,6.1,2.8,127495.622,70486.351
JNM00001001,"JAN MAYEN, JN",70.9331,-8.6667,10,2002-10,18,5,14,4,-5.3,11.5,7.8,1589,487.1,40.9,2.6,3.7,1.6,275273.737,175122.25
JNM00001001,"JAN MAYEN, JN",70.9331,-8.6667,10,2002-11,14,4,9,3,-6.4,5.8,5.9,2081.9,492.9,26.2,1.9,3,0.8,459082.391,337521.932
JNM00001001,"JAN MAYEN, JN",70.9331,-8.6667,10,2002-12,21,8,14,7,-12.2,14.3,7.5,2637.5,555.6,71.9,0.4,2.2,-1.4,550174.522,380611.234
JNM00001001,"JAN MAYEN, JN",70.9331,-8.6667,10,2003-01,21,2,31,23,-19.8,8.5,3.5,3422.4,784.9,26.9,-7,-4.2,-9.7,701231.98,497858.617
JNM00001001,"JAN MAYEN, JN",70.9331,-8.6667,10,2003-02,19,12,21,5,-11.7,29.2,4,3961.2,538.8,104.4,-0.9,1.2,-3,645579.59,458948.253
JNM00001001,"JAN MAYEN, JN",70.9331,-8.6667,10,2003-03,22,10,26,12,-14,18,8,4608.2,647,73.7,-2.5,0.1,-5.2,741135.442,521742.746
JNM00001001,"JAN MAYEN, JN",70.9331,-8.6667,10,2003-04,11,4,25,10,-12.6,5.2,6.7,5208.7,600.5,23.8,-1.7,0.2,-3.6,726164.151,495358.138
JNM00001001,"JAN MAYEN, JN",70.9331,-8.6667,10,2003-05,9,1,24,11,-8.4,3.7,5.8,5791.8,583.1,15.3,-0.5,1,-2,722646.488,500544.928
JNM00001001,"JAN MAYEN, JN",70.9331,-8.6667,10,2003-06,8,2,5,0,-2,39.9,8.2,6229.9,438.1,48,3.7,5.2,2.2,630510.072,394120.759
JNM00001001,"JAN MAYEN, JN",70.9331,-8.6667,10,2003-07,18,4,0,0,0.9,4.9,11.3,380.2,380.2,30.9,6.1,7.7,4.5,437067.47,221544.558
JNM00001001,"JAN MAYEN, JN",70.9331,-8.6667,10,2003-08,12,4,0,0,1.7,16.8,11.5,726.1,345.9,48.1,7.2,8.7,5.6,174749.531,73877.758
JNM00001001,"JAN MAYEN, JN",70.9331,-8.6667,10,2003-09,23,7,3,0,-0.4,17.7,11,1127.7,401.6,63.9,4.9,6.4,3.5,136869.146,77325.348
JNM00001001,"JAN MAYEN, JN",70.9331,-8.6667,10,2003-10,15,9,27,10,-5.1,31.8,7.1,1708.6,580.9,110.3,-0.4,1.3,-2.1,377204.556,264906.559
JNM00001001,"JAN MAYEN, JN",70.9331,-8.6667,10,2003-11,18,8,14,4,-4.9,19.4,6.5,2220.8,512.2,87.6,1.3,2.9,-0.4,470781.344,351002.787
JNM00001001,"JAN MAYEN, JN",70.9331,-8.6667,10,2003-12,18,5,31,24,-11.2,4.5,3.5,2945.6,724.8,32.6,-5.1,-2.7,-7.4,657658.331,504731.9
JNM00001001,"JAN MAYEN, JN",70.9331,-8.6667,10,2004-01,25,8,27,15,-15.4,13.5,3.7,3614,668.4,65.6,-3.2,-1,-5.4,720512.905,553306.59
JNM00001001,"JAN MAYEN, JN",70.9331,-8.6667,10,2004-02,17,3,27,20,-14.9,4.5,6.1,4289.5,675.5,20.9,-5,-2.5,-7.4,834078.55,598487.352
JNM00001001,"JAN MAYEN, JN",70.9331,-8.6667,10,2004-03,19,6,25,7,-9.6,8,7.2,4877.6,588.1,46.1,-0.6,1.4,-2.7,824356.89,582101.288
JNM00001001,"JAN MAYEN, JN",70.9331,-8.6667,10,2004-04,20,8,18,6,-9.4,17.1,5.6,5433.5,555.9,79.9,-0.2,1.2,-1.6,651984.727,467120.416
JNM00001001,"JAN MAYEN, JN",70.9331,-8.6667,10,2004-05,10,2,23,2,-3.7,6.7,6.7,5963.8,530.3,20.6,1.2,3,-0.6,586040.739,434048.58
JNM00001001,"JAN MAYEN, JN",70.9331,-8.6667,10,2004-06,7,0,3,0,-0.7,1.8,7.8,6410.6,446.8,6.9,3.4,5,1.9,563598.196,360722.666
JNM00001001,"JAN MAYEN, JN",70.9331,-8.6667,10,2004-07,11,6,0,0,2.8,9.6,12.8,362,362,44,6.7,8.1,5.2,388399.837,188307.626
JNM00001001,"JAN MAYEN, JN",70.9331,-8.6667,10,2004-08,14,0,0,0,3.2,2.4,13.5,700.7,338.7,17.5,7.4,8.8,6,145659.278,67693.082
JNM00001001,"JAN MAYEN, JN",70.9331,-8.6667,10,2004-09,21,12,1,0,-0.1,12.8,10.8,1075.1,374.4,86.6,5.9,7.3,4.5,137534.009,77127.298
JNM00001001,"JAN MAYEN, JN",70.9331,-8.6667,10,2004-10,23,13,15,4,-4.4,15.5,8.7,1586.2,511.1,79.7,1.9,3.6,0.1,308800.567,208268.082
JNM00001001,"JAN MAYEN, JN",70.9331,-8.6667,10,2004-11,20,7,27,13,-9.6,28.3,8.5,2199.3,613.1,92.7,-2.1,0.5,-4.7,462702.432,355214.344
JNM00001001,"JAN MAYEN, JN",70.9331,-8.6667,10,2004-12,26,15,30,16,-15.2,16.3,3.5,2881.4,682.1,99.9,-3.7,-1.3,-6.1,565347.475,439783.631
JNM00001001,"JAN MAYEN, JN",70.9331,-8.6667,10,2005-01,21,10,30,13,-9.6,12.4,5.9,3507.4,626,85.1,-1.9,0.2,-3.9,612374.118,454463.425
JNM00001001,"JAN MAYEN, JN",70.9331,-8.6667,10,2005-02,17,5,28,19,-10.9,17.6,2,4108,600.6,65.1,-3.1,-1.1,-5.1,704721.165,513017.234
JNM00001001,"JAN MAYEN, JN",70.9331,-8.6667,10,2005-03,17,7,29,12,-9.9,7.1,2.7,4747.9,639.9,42.5,-2.3,-0.3,-4.3,785004.567,586155.822
JNM00001001,"JAN MAYEN, JN",70.9331,-8.6667,10,2005-04,15,10,22,6,-12,9.8,7.7,5307.1,559.2,63.1,-0.3,1.6,-2.2,735466.359,542729.801
JNM00001001,"JAN MAYEN, JN",70.9331,-8.6667,10,2005-05,15,3,30,9,-4.3,18.2,5,5884.6,577.5,46.8,-0.3,1.2,-1.8,692998.995,496050.278
JNM00001001,"JAN MAYEN, JN",70.9331,-8.6667,10,2005-06,16,4,8,0,-1.6,7.5,9,6327.8,443.2,39,3.6,5.1,2.1,661116.901,434018.315
JNM00001001,"JAN MAYEN, JN",70.9331,-8.6667,10,2005-07,13,5,0,0,1.7,6.1,15,363.5,363.5,29.2,6.6,8.3,4.9,484501.109,239168.302
JNM00001001,"JAN MAYEN, JN",70.9331,-8.6667,10,2005-08,23,7,0,0,2.2,11.8,10.7,715.4,351.9,72.2,7,8.3,5.6,317250.214,178338.259
JNM00001001,"JAN MAYEN, JN",70.9331,-8.6667,10,2005-09,22,11,4,0,-1.5,20.8,8.3,1181.8,466.4,96.6,2.8,4.2,1.4,335124.03,232468.296
JNM00001001,"JAN MAYEN, JN",70.9331,-8.6667,10,2005-10,20,8,22,8,-7.4,20.7,5.9,1745.7,563.9,95.2,0.1,2.1,-1.8,483943.209,383023.586
JNM00001001,"JAN MAYEN, JN",70.9331,-8.6667,10,2005-11,20,7,24,12,-10.9,23.3,4.4,2355.1,609.4,60.4,-2,-0.1,-3.8,585549.619,451433.455
JNM00001001,"JAN MAYEN, JN",70.9331,-8.6667,10,2005-12,20,7,21,9,-13.2,8.3,4,2957.5,602.4,50.2,-1.1,0.6,-2.8,633641.14,450572.145
JNM00001001,"JAN MAYEN, JN",70.9331,-8.6667,10,2006-01,24,9,23,2,-8.1,11.8,9.4,3527.3,569.8,64,-0.1,2.2,-2.2,628015.142,442522.833
JNM00001001,"JAN MAYEN, JN",70.9331,-8.6667,10,2006-02,15,7,24,14,-11.4,13.4,8.5,4100.1,572.8,48.5,-2.1,0.2,-4.4,686723.662,496299.209
JNM00001001,"JAN MAYEN, JN",70.9331,-8.6667,10,2006-03,20,3,29,20,-12.7,15.7,4.2,4777.9,677.8,46.2,-3.5,-1.6,-5.4,731304.146,555556.903
JNM00001001,"JAN MAYEN, JN",70.9331,-8.6667,10,2006-04,19,11,19,9,-8.1,17.5,8.3,5339.3,561.4,72.9,-0.4,1.3,-2,678936.905,507232.226
JNM00001001,"JAN MAYEN, JN",70.9331,-8.6667,10,2006-05,11,6,20,2,-2.9,11.3,6.8,5877.5,538.2,40,1,2.4,-0.4,623967.945,442112.868
JNM00001001,"JAN MAYEN, JN",70.9331,-8.6667,10,2006-06,15,3,2,0,-0.5,11.1,7.1,6328.7,451.2,34.6,3.3,4.9,1.7,618390.486,401929.578
JNM00001001,"JAN MAYEN, JN",70.9331,-8.6667,10,2006-07,16,8,0,0,2.5,32.3,11.7,391.3,391.3,70.5,5.7,7.2,4.3,454677.884,244825.431
JNM00001001,"JAN MAYEN, JN",70.9331,-8.6667,10,2006-08,11,6,0,0,1.7,19.5,13.1,746,354.7,47.9,6.9,8.4,5.3,263314.815,150246.924
JNM00001001,"JAN MAYEN, JN",70.9331,-8.6667,10,2006-09,12,5,1,0,-0.3,16.4,9,1151.8,405.8,41.3,4.8,6.1,3.5,291639.306,186797.548
JNM00001001,"JAN MAYEN, JN",70.9331,-8.6667,10,2006-10,17,4,21,12,-5.4,31.4,7,1707.9,556.1,64.7,0.4,2,-1.2,458712.717,349286.843
JNM00001001,"JAN MAYEN, JN",70.9331,-8.6667,10,2006-11,25,14,28,14,-13.5,15.8,4.7,2333.6,625.7,117.4,-2.5,-0.4,-4.6,550454.735,416611.593
JNM00001001,"JAN MAYEN, JN",70.9331,-8.6667,10,2006-12,18,11,19,9,-8.4,15.9,7.2,2925.6,592,96.5,-0.8,1.2,-2.7,603898.247,457086.958
JNM00001001,"JAN MAYEN, JN",70.9331,-8.6667,10,2007-01,22,5,31,20,-13.6,33.6,9.5,3649.5,723.9,72.2,-5,-2.5,-7.6,668808.087,508064.41
JNM00001001,"JAN MAYEN, JN",70.9331,-8.6667,10,2007-02,17,6,24,13,-10.8,9.8,3.4,4239.4,589.9,42.6,-2.7,-1.2,-4.2,707998.53,534466.735
JNM00001001,"JAN MAYEN, JN",70.9331,-8.6667,10,2007-03,23,11,23,10,-13.1,14.2,4.2,4854.5,615.1,69.9,-1.5,0.4,-3.4,704537.66,529682.739
JNM00001001,"JAN MAYEN, JN",70.9331,-8.6667,10,2007-04,16,4,26,12,-10.9,8.7,10.3,5454.8,600.3,35.1,-1.7,0.8,-4.1,760470.996,568992.535
JNM00001001,"JAN MAYEN, JN",70.9331,-8.6667,10,2007-05,9,4,17,2,-5.2,6.1,6.5,5982.5,527.7,28.2,1.3,2.9,-0.3,716711.766,534797.267
JNM00001001,"JAN MAYEN, JN",70.9331,-8.6667,10,2007-06,4,1,2,0,-1,3.3,10.7,6412.9,430.4,6.5,4,5.7,2.3,687942.093,438990.821
JNM00001001,"JAN MAYEN, JN",70.9331,-8.6667,10,2007-07,4,0,0,0,1.8,1.9,11.8,386.2,386.2,4.4,5.9,7.4,4.3,491805.443,267463.067
JNM00001001,"JAN MAYEN, JN",70.9331,-8.6667,10,2007-08,10,7,0,0,2.2,18.4,10.9,758.7,372.5,57.6,6.3,7.8,4.9,366845.272,208263.202
JNM00001001,"JAN MAYEN, JN",70.9331,-8.6667,10,2007-09,17,5,5,0,-1.7,12.7,12.9,1206.3,447.6,47.1,3.4,5,1.8,400801.737,254229.465
JNM00001001,"JAN MAYEN, JN",70.9331,-8.6667,10,2007-10,23,11,18,9,-5.7,20.8,7.7,1752.4,546.1,107.4,0.7,2.8,-1.4,501594.726,371518.977
JNM00001001,"JAN MAYEN, JN",70.9331,-8.6667,10,2007-11,21,5,30,20,-10.2,18.8,5.9,2404.8,652.4,65.5,-3.4,-1.2,-5.6,588153.479,447606.815
JNM00001001,"JAN MAYEN, JN",70.9331,-8.6667,10,2007-12,21,10,29,12,-12.4,27.7,7.5,3016.5,611.7,80.3,-1.4,1.1,-3.9,661329.568,514628.881
JNM00001001,"JAN MAYEN, JN",70.9331,-8.6667,10,2008-01,19,6,22,13,-11.7,8.7,3.5,3671.4,654.9,47.8,-2.8,-1,-4.6,713646.759,566443.553
JNM00001001,"JAN MAYEN, JN",70.9331,-8.6667,10,2008-02,21,7,26,12,-13.7,9.5,2.9,4286.7,615.3,53.2,-2.9,-0.6,-5.1,751512.282,572823.85
JNM00001001,"JAN MAYEN, JN",70.9331,-8.6667,10,2008-03,7,1,28,23,-11.4,3.1,4,4997.2,710.5,9.8,-4.6,-2.9,-6.2,724669.918,574842.331
JNM00001001,"JAN MAYEN, JN",70.9331,-8.6667,10,2008-04,14,4,27,16,-7.8,7.7,5.3,5600.3,603.1,30.9,-1.8,-0.3,-3.3,771167.377,612607.37
JNM00001001,"JAN MAYEN, JN",70.9331,-8.6667,10,2008-05,13,4,17,5,-5.1,5.3,9,6125.8,525.5,25,1.4,3.1,-0.3,747743.972,571723.521
JNM00001001,"JAN MAYEN, JN",70.9331,-8.6667,10,2008-06,11,2,2,0,-0.6,6.8,8.4,6566.3,440.5,20,3.6,5.4,1.9,672339.378,417326.274
JNM00001001,"JAN MAYEN, JN",70.9331,-8.6667,10,2008-07,11,3,0,0,2.1,12.8,11.5,371,371,28.3,6.4,8,4.7,451216.116,259437.776
JNM00001001,"JAN MAYEN, JN",70.9331,-8.6667,10,2008-08,9,4,0,0,3.3,13.2,10.5,723.4,352.4,42.3,7,8.2,5.8,278644.566,156314.017
JNM00001001,"JAN MAYEN, JN",70.9331,-8.6667,10,2008-09,20,9,1,0,-0.3,18.3,11.1,1069.8,346.4,75.5,6,7.2,4.7,219864.199,116921.654
JNM00001001,"JAN MAYEN, JN",70.9331,-8.6667,10,2008-10,26,10,20,7,-7.9,40.8,7.5,1604.5,534.7,129.1,1.1,2.7,-0.6,404614.958,277592.316
JNM00001001,"JAN MAYEN, JN",70.9331,-8.6667,10,2008-11,26,9,27,19,-12.8,8.4,5.1,2254.4,649.9,70,-3.3,-1.1,-5.6,542765.135,407886.186
JNM00001001,"JAN MAYEN, JN",70.9331,-8.6667,10,2008-12,18,9,26,10,-9.3,23.5,9.1,2853.7,599.3,75.6,-1,1.1,-3.1,604233.685,458582.175
JNM00001001,"JAN MAYEN, JN",70.9331,-8.6667,10,2009-01,22,9,25,14,-13.3,11.9,3.2,3494.3,640.6,64.3,-2.3,-0.2,-4.5,705554.648,541538.418
JNM00001001,"JAN MAYEN, JN",70.9331,-8.6667,10,2009-02,21,2,26,21,-13.4,10.3,2.5,4151.9,657.6,31,-5.1,-3.1,-7.2,726804.035,551195.394
JNM00001001,"JAN MAYEN, JN",70.9331,-8.6667,10,2009-03,23,7,31,20,-10.5,14.2,3.3,4817.1,665.2,53.3,-3.1,-1,-5.3,753469.218,583139.272
JNM00001001,"JAN MAYEN, JN",70.9331,-8.6667,10,2009-04,16,5,27,13,-8.7,4.9,4.3,5414.3,597.2,28.9,-1.6,0.1,-3.2,740066.771,585794.841
JNM00001001,"JAN MAYEN, JN",70.9331,-8.6667,10,2009-05,10,3,8,1,-2.4,18.4,5.9,5915.6,501.3,35.5,2.2,3.8,0.5,679635.832,467091.39
JNM00001001,"JAN MAYEN, JN",70.9331,-8.6667,10,2009-06,7,5,10,0,-1.6,14.8,9.1,6371.2,455.6,37,3.1,4.9,1.4,599938.063,365962.64
JNM00001001,"JAN MAYEN, JN",70.9331,-8.6667,10,2009-07,13,7,0,0,1.9,7.4,14.7,353.3,353.3,34.2,6.9,9.1,4.8,394635.742,243947.77
JNM00001001,"JAN MAYEN, JN",70.9331,-8.6667,10,2009-08,23,11,0,0,2.7,17.9,10.5,692.9,339.6,97.2,7.4,8.7,6.1,308048.716,195919.347
JNM00001001,"JAN MAYEN, JN",70.9331,-8.6667,10,2009-09,20,5,6,0,-2.1,7.7,9.9,1125.5,432.6,38.9,3.9,5.7,2.1,313631.494,192315.102
JNM00001001,"JAN MAYEN, JN",70.9331,-8.6667,10,2009-10,25,7,20,10,-5.1,28.1,9.7,1674,548.5,124.8,0.6,2.3,-1,449378.343,323569.516
JNM00001001,"JAN MAYEN, JN",70.9331,-8.6667,10,2009-11,19,6,20,7,-10.6,8.9,5.3,2233.9,559.9,51.2,-0.3,1.3,-1.9,539470.751,406870.609
JNM00001001,"JAN MAYEN, JN",70.9331,-8.6667,10,2009-12,22,7,26,14,-10.7,6.7,5.6,2842.6,608.7,43.3,-1.3,0.9,-3.5,578167.543,416640.926
JNM00001001,"JAN MAYEN, JN",70.9331,-8.6667,10,2010-01,19,5,23,12,-9.6,8,4.5,3457.2,614.6,43,-1.5,0.6,-3.6,680580.118,514267.06
JNM00001001,"JAN MAYEN, JN",70.9331,-8.6667,10,2010-02,12,0,28,23,-12,1.8,0.8,4067.2,610,12,-3.4,-1.4,-5.5,705786.706,549451.81
JNM00001001,"JAN MAYEN, JN",70.9331,-8.6667,10,2010-03,15,4,31,29,-13.3,18.3,2.1,4796.1,728.9,36,-5.2,-3.4,-7,759193.927,593327.562
JNM00001001,"JAN MAYEN, JN",70.9331,-8.6667,10,2010-04,18,5,27,19,-11.4,10.5,5.5,5413.1,617,33.6,-2.2,-0.5,-4,737014.893,543377.302
JNM00001001,"JAN MAYEN, JN",70.9331,-8.6667,10,2010-05,13,2,22,11,-4.5,5.7,8.5,5974.6,561.5,20.3,0.2,1.6,-1.2,680831.232,467615.891
JNM00001001,"JAN MAYEN, JN",70.9331,-8.6667,10,2010-06,8,1,6,0,-1.7,2.8,7.8,6440.6,466,8.3,2.8,4.6,1,582843.456,375003.076
JNM00001001,"JAN MAYEN, JN",70.9331,-8.6667,10,2010-07,10,2,0,0,2,3.5,9.7,370,370,12.3,6.4,7.8,5,403093.844,237692.204
JNM00001001,"JAN MAYEN, JN",70.9331,-8.6667,10,2010-08,9,4,0,0,2.8,16,9.6,736.3,366.3,43.6,6.5,7.9,5.1,249692.602,129219.485
JNM00001001,"JAN MAYEN, JN",70.9331,-8.6667,10,2010-09,20,10,3,0,-2.2,18.8,9.8,1116.9,380.6,83.9,5.6,6.8,4.5,259115.359,163096.779
JNM00001001,"JAN MAYEN, JN",70.9331,-8.6667,10,2010-10,25,11,17,3,-6.4,11.9,8.2,1626.8,509.9,70.3,1.9,3.5,0.3,376462.884,257960.179
JNM00001001,"JAN MAYEN, JN",70.9331,-8.6667,10,2010-11,12,6,30,13,-9.2,23,2.6,2235.9,609.1,58.4,-2,-0.3,-3.7,516679.453,414937.499
JNM00001001,"JAN MAYEN, JN",70.9331,-8.6667,10,2010-12,25,13,30,18,-10.7,8.3,5.3,2902.5,666.6,70.3,-3.2,-0.7,-5.6,644523.541,495898.219
JNM00001001,"JAN MAYEN, JN",70.9331,-8.6667,10,2011-01,23,12,31,18,-12,25.5,4,3569.7,667.2,112.1,-3.2,-1,-5.4,697114.683,542299.833
JNM00001001,"JAN MAYEN, JN",70.9331,-8.6667,10,2011-02,15,8,20,7,-8.2,25.8,2.9,4102.1,532.4,100.5,-0.7,0.9,-2.3,668140.3,501874.189
JNM00001001,"JAN MAYEN, JN",70.9331,-8.6667,10,2011-03,23,10,30,22,-14.3,9.4,3.3,4852.8,750.7,69.8,-5.9,-3.1,-8.7,747302.768,561779.678
JNM00001001,"JAN MAYEN, JN",70.9331,-8.6667,10,2011-04,21,13,25,5,-5.5,11.3,4.7,5418.2,565.4,80.2,-0.5,1.3,-2.3,713996.22,555496.165
JNM00001001,"JAN MAYEN, JN",70.9331,-8.6667,10,2011-05,10,4,17,1,-3.7,8.1,7.6,5950.6,532.4,28.3,1.2,2.6,-0.3,682933.108,491121.064
JNM00001001,"JAN MAYEN, JN",70.9331,-8.6667,10,2011-06,6,2,5,0,-1,20.1,7.8,6388.3,437.7,27.9,3.7,5.5,2,662758.004,467672.123
JNM00001001,"JAN MAYEN, JN",70.9331,-8.6667,10,2011-07,9,1,0,0,2.1,5.2,12.6,395.9,395.9,12.2,5.6,7,4.1,559862.275,335607.159
JNM00001001,"JAN MAYEN, JN",70.9331,-8.6667,10,2011-08,11,3,0,0,1.4,14.2,12.6,771.8,375.9,36.6,6.2,7.7,4.7,381342.238,197535.411
JNM00001001,"JAN MAYEN, JN",70.9331,-8.6667,10,2011-09,18,13,0,0,0.3,25.1,9.5,1137.6,365.8,122.1,6.1,7.4,4.9,326028.817,192846.124
JNM00001001,"JAN MAYEN, JN",70.9331,-8.6667,10,2011-10,20,11,17,1,-4.6,20.5,7.8,1639.3,501.7,63.9,2.1,4.1,0.2,402198.925,294485.649
JNM00001001,"JAN MAYEN, JN",70.9331,-8.6667,10,2011-11,23,12,14,4,-7,39.5,6.7,2144.8,505.5,157.1,1.5,3.4,-0.4,526019.73,383610.56
JNM00001001,"JAN MAYEN, JN",70.9331,-8.6667,10,2011-12,16,5,30,18,-11.4,27,3.6,2818.1,673.3,57.8,-3.4,-1.5,-5.3,624569.516,458337.302
JNM00001001,"JAN MAYEN, JN",70.9331,-8.6667,10,2012-01,24,8,19,1,-6.1,12,3.7,3372.7,554.6,64.3,0.4,2,-1.1,605922.911,456141.934
JNM00001001,"JAN MAYEN, JN",70.9331,-8.6667,10,2012-02,20,12,27,17,-12.2,11.3,5.8,4013.6,640.9,72.4,-3.8,-1.4,-6.2,700007.557,527821.018
JNM00001001,"JAN MAYEN, JN",70.9331,-8.6667,10,2012-03,23,8,28,13,-13.1,11.4,6.6,4648,634.4,58.1,-2.1,0,-4.2,686603.049,522767.298
JNM00001001,"JAN MAYEN, JN",70.9331,-8.6667,10,2012-04,10,3,30,26,-11.7,5,2.1,5331.8,683.8,16.2,-4.5,-2.8,-6.2,753601.714,583702.517
JNM00001001,"JAN MAYEN, JN",70.9331,-8.6667,10,2012-05,13,3,27,12,-8.2,5.6,7.7,5911.6,579.8,19.8,-0.4,1.4,-2.1,769865.403,576351.519
JNM00001001,"JAN MAYEN, JN",70.9331,-8.6667,10,2012-06,6,0,11,0,-1.5,1.6,12.7,6378.8,467.2,7.3,2.8,4.8,0.7,741324.738,482724.198
JNM00001001,"JAN MAYEN, JN",70.9331,-8.6667,10,2012-07,7,2,1,0,-0.2,11,12.4,413,413,18.2,5,6.8,3.3,507555.646,274794.186
JNM00001001,"JAN MAYEN, JN",70.9331,-8.6667,10,2012-08,13,4,0,0,1.2,8,11.4,791.7,378.7,32.3,6.1,7.5,4.7,335977.06,162637.343
JNM00001001,"JAN MAYEN, JN",70.9331,-8.6667,10,2012-09,18,9,1,0,-1.4,13.2,9.2,1237.3,445.6,77.2,3.5,4.9,2.1,307107.619,172926.704
JNM00001001,"JAN MAYEN, JN",70.9331,-8.6667,10,2012-10,21,3,16,7,-7.8,10.2,8.6,1775.2,537.9,34.7,1,2.5,-0.6,461869.855,326161.565
JNM00001001,"JAN MAYEN, JN",70.9331,-8.6667,10,2012-11,21,10,22,9,-8.3,20.1,4.7,2357.5,582.3,92.6,-1.1,0.5,-2.7,537144.319,408066.646
JNM00001001,"JAN MAYEN, JN",70.9331,-8.6667,10,2012-12,17,5,25,11,-15.4,12.7,3.5,2994.5,637,42.4,-2.2,-0.4,-4.1,618149.941,454280.472
JNM00001001,"JAN MAYEN, JN",70.9331,-8.6667,10,2013-01,15,1,26,14,-9.5,5.5,5.3,3615,620.5,21.8,-1.7,-0.2,-3.2,652275.842,474472.617
JNM00001001,"JAN MAYEN, JN",70.9331,-8.6667,10,2013-02,18,7,21,7,-10.7,10.1,3.9,4186.7,571.7,46.4,-2.1,0.2,-4.4,713736.478,537258.72
JNM00001001,"JAN MAYEN, JN",70.9331,-8.6667,10,2013-03,22,4,29,27,-13.6,6.4,1.9,4938.1,751.4,32.4,-5.9,-3.9,-7.9,731137.742,562861.152
JNM00001001,"JAN MAYEN, JN",70.9331,-8.6667,10,2013-04,11,1,30,23,-11.8,15.9,2.2,5613.8,675.7,25.7,-4.2,-2.4,-6,786715.73,620099.12
JNM00001001,"JAN MAYEN, JN",70.9331,-8.6667,10,2013-05,15,4,16,5,-8.1,26.7,5.3,6157.1,543.3,61,0.8,2.3,-0.7,705176.171,526894.037
JNM00001001,"JAN MAYEN, JN",70.9331,-8.6667,10,2013-06,11,3,1,0,-0.8,16.2,10.1,6568.1,411,42.5,4.6,6.3,2.9,654765.636,384204.497
JNM00001001,"JAN MAYEN, JN",70.9331,-8.6667,10,2013-07,13,9,0,0,1.6,9.1,12.4,391,391,53.9,5.7,7.5,4,344278.872,161481.972
JNM00001001,"JAN MAYEN, JN",70.9331,-8.6667,10,2013-08,24,11,0,0,0.5,9.5,9.6,776.7,385.7,73.8,5.9,7.1,4.7,200871.864,110958.218
JNM00001001,"JAN MAYEN, JN",70.9331,-8.6667,10,2013-09,20,9,0,0,1.2,13.7,11.3,1163.8,387.1,81,5.4,6.9,3.9,178763.767,82793.256
JNM00001001,"JAN MAYEN, JN",70.9331,-8.6667,10,2013-10,13,6,21,7,-5.9,5.5,7.8,1712.5,548.7,32.3,0.6,2.1,-0.9,340153.356,232792.528
JNM00001001,"JAN MAYEN, JN",70.9331,-8.6667,10,2013-11,24,8,30,22,-11.1,14.9,2.8,2410.2,697.7,59.7,-4.9,-2.8,-7.1,558485.706,415476.932
JNM00001001,"JAN MAYEN, JN",70.9331,-8.6667,10,2013-12,21,6,25,12,-13.3,8.9,3.5,3041.8,631.6,51.1,-2,-0.1,-4,653769.424,488101.672
JNM00001001,"JAN MAYEN, JN",70.9331,-8.6667,10,2014-01,20,6,11,0,-3.5,3.9,4.7,3565,523.2,36.5,1.4,2.5,0.4,622739.69,450388.547
JNM00001001,"JAN MAYEN, JN",70.9331,-8.6667,10,2014-02,11,2,24,9,-8.3,2.8,3.3,4107.2,542.2,13.5,-1,0.7,-2.7,635281.838,462551.724
JNM00001001,"JAN MAYEN, JN",70.9331,-8.6667,10,2014-03,21,8,29,12,-12.8,6.7,4.2,4730.6,623.4,45.8,-1.8,0.6,-4.2,670543.86,506505.996
JNM00001001,"JAN MAYEN, JN",70.9331,-8.6667,10,2014-04,17,8,25,11,-9.3,16,4.1,5337.8,607.2,51.3,-1.9,0.4,-4.2,717491.645,552267.096
JNM00001001,"JAN MAYEN, JN",70.9331,-8.6667,10,2014-05,5,1,20,8,-5.3,3,5.3,5893.4,555.6,5.6,0.4,1.9,-1.1,718615.653,524363.791
JNM00001001,"JAN MAYEN, JN",70.9331,-8.6667,10,2014-06,5,1,0,0,0.4,4.2,11,6296.3,402.9,7.7,4.9,6.5,3.3,626606.608,382228.9
JNM00001001,"JAN MAYEN, JN",70.9331,-8.6667,10,2014-07,19,12,0,0,4.1,11.7,12.5,333.1,333.1,74.6,7.6,8.8,6.4,410875.812,202805.652
JNM00001001,"JAN MAYEN, JN",70.9331,-8.6667,10,2014-08,4,2,0,0,2.1,20.9,10.9,682.4,349.3,35.7,7.1,8.4,5.8,261215.449,142158.779
JNM00001001,"JAN MAYEN, JN",70.9331,-8.6667,10,2014-09,24,7,0,0,0.1,12.5,10,1061.1,378.7,66,5.7,7.1,4.3,256992.463,144264.09
JNM00001001,"JAN MAYEN, JN",70.9331,-8.6667,10,2014-10,15,9,11,0,-2.6,16.4,7.4,1534,472.9,81.6,3.1,4.5,1.6,407309.01,279392.359
JNM00001001,"JAN MAYEN, JN",70.9331,-8.6667,10,2014-11,17,7,14,4,-8,7.2,4.7,2047.8,513.8,45.6,1.2,2.7,-0.3,526440.785,380747.581
JNM00001001,"JAN MAYEN, JN",70.9331,-8.6667,10,2014-12,19,8,27,18,-12.4,18.9,4.3,2726.2,678.4,69.8,-3.6,-1.4,-5.7,591826.853,429703.357
JNM00001001,"JAN MAYEN, JN",70.9331,-8.6667,10,2015-01,19,10,23,10,-9.1,10.8,3.2,3334.8,608.6,54.7,-1.3,0.4,-3,612937.501,448494.084
JNM00001001,"JAN MAYEN, JN",70.9331,-8.6667,10,2015-02,22,5,26,17,-14.3,14,3.3,3987.2,652.4,53.8,-5,-2.3,-7.7,694977.476,515949.767
JNM00001001,"JAN MAYEN, JN",70.9331,-8.6667,10,2015-03,22,9,28,13,-8.9,16.8,4.4,4614.2,627,78.8,-1.9,0.2,-3.9,676481.444,518189.557
JNM00001001,"JAN MAYEN, JN",70.9331,-8.6667,10,2015-04,18,8,25,12,-9.6,7.8,8,5215.4,601.2,50.4,-1.7,0.5,-3.9,688619.011,520352.804
JNM00001001,"JAN MAYEN, JN",70.9331,-8.6667,10,2015-05,11,2,18,13,-4.7,3.8,6.2,5775.8,560.4,14.3,0.3,1.7,-1.2,680631.453,525016.976
JNM00001001,"JAN MAYEN, JN",70.9331,-8.6667,10,2015-06,7,2,7,0,-0.6,8.8,8.1,6236,460.2,18.5,3,4.8,1.2,647054.732,451825.291
JNM00001001,"JAN MAYEN, JN",70.9331,-8.6667,10,2015-07,10,2,0,0,2.9,14.5,12.9,383.1,383.1,27.6,6,7.6,4.3,499611.651,280676.541
JNM00001001,"JAN MAYEN, JN",70.9331,-8.6667,10,2015-08,24,10,0,0,2.2,12.4,10.8,727.4,344.3,84.5,7.2,8.4,6.1,269580.29,135774.616
JNM00001001,"JAN MAYEN, JN",70.9331,-8.6667,10,2015-09,24,12,0,0,0.4,17.1,14.2,1099.5,372.1,108.4,5.9,7.3,4.5,277698.029,169648.782
JNM00001001,"JAN MAYEN, JN",70.9331,-8.6667,10,2015-10,21,13,12,4,-4.7,8.8,8.1,1592.1,492.6,74.5,2.4,4,0.9,402331.417,260164.56
JNM00001001,"JAN MAYEN, JN",70.9331,-8.6667,10,2015-11,19,11,25,9,-8.4,8.9,6,2162.2,570.1,69.6,-0.7,1.1,-2.4,506753.169,350128.737
JNM00001001,"JAN MAYEN, JN",70.9331,-8.6667,10,2015-12,16,6,26,15,-14,6.5,4.8,2816.1,653.9,40.4,-2.8,-0.7,-4.8,545297.684,400757.228
JNM00001001,"JAN MAYEN, JN",70.9331,-8.6667,10,2016-01,18,6,23,13,-10.5,13.1,4.1,3426.1,610,56.6,-1.4,0.2,-2.9,593545.927,439365.657
JNM00001001,"JAN MAYEN, JN",70.9331,-8.6667,10,2016-02,19,2,29,17,-10.6,8.6,3.1,4040.3,614.2,28.4,-2.9,-0.8,-4.9,585281.293,420311.002
JNM00001001,"JAN MAYEN, JN",70.9331,-8.6667,10,2016-03,16,6,27,18,-8.4,5.5,7.6,4673.6,633.3,36.4,-2.1,-0.4,-3.8,618990.227,446002.632
JNM00001001,"JAN MAYEN, JN",70.9331,-8.6667,10,2016-04,8,2,26,13,-7.8,6.6,7.4,5266,592.4,15.9,-1.4,0.5,-3.3,661692.729,492021.933
JNM00001001,"JAN MAYEN, JN",70.9331,-8.6667,10,2016-05,14,5,13,4,-3.1,8.3,8,5769.6,503.6,39.8,2.1,3.7,0.5,572962.008,401436.927
JNM00001001,"JAN MAYEN, JN",70.9331,-8.6667,10,2016-06,9,2,4,0,-0.6,10.2,9.4,6182.8,413.2,20.3,4.6,6.2,2.9,476198.412,308154.775
JNM00001001,"JAN MAYEN, JN",70.9331,-8.6667,10,2016-07,5,1,0,0,2.1,14.1,12.2,354,354,21.1,6.9,8.9,5,321969.253,182173.786
JNM00001001,"JAN MAYEN, JN",70.9331,-8.6667,10,2016-08,14,7,0,0,3.2,17,12.6,709.1,355.1,56.4,6.9,8.4,5.3,225012.717,126991.983
JNM00001001,"JAN MAYEN, JN",70.9331,-8.6667,10,2016-09,22,14,0,0,0.9,17.4,10.8,1057.1,348,123,6.7,8,5.4,245033.773,156051.936
JNM00001001,"JAN MAYEN, JN",70.9331,-8.6667,10,2016-10,18,8,0,0,1,14.5,9.5,1442.4,385.3,75.2,5.9,6.9,4.9,367396.004,250791.454
JNM00001001,"JAN MAYEN, JN",70.9331,-8.6667,10,2016-11,24,14,13,3,-6,20,6.5,1930.6,488.2,103.1,2.1,3.7,0.4,429659.977,282919.017
JNM00001001,"JAN MAYEN, JN",70.9331,-8.6667,10,2016-12,21,11,27,6,-8.7,7.2,4.6,2516,585.4,62.7,-0.6,1.7,-2.8,507705.868,371547.057
JNM00001001,"JAN MAYEN, JN",70.9331,-8.6667,10,2017-01,21,8,30,17,-12.6,10.7,4,3179.6,663.6,67.3,-3.1,-0.4,-5.7,592988.961,441569.694
JNM00001001,"JAN MAYEN, JN",70.9331,-8.6667,10,2017-02,15,6,17,9,-11.9,7.6,5.8,3725.6,546,32.3,-1.2,0.4,-2.7,623977.789,454286.066
JNM00001001,"JAN MAYEN, JN",70.9331,-8.6667,10,2017-03,16,3,27,19,-12.4,5,4,4425.7,700.1,26.8,-4.2,-2.1,-6.4,718267.15,555772.443
JNM00001001,"JAN MAYEN, JN",70.9331,-8.6667,10,2017-04,16,6,27,13,-9.2,4.5,4.3,5041,615.3,28.5,-2.2,-0.1,-4.2,768265.491,614256.098
JNM00001001,"JAN MAYEN, JN",70.9331,-8.6667,10,2017-05,5,1,13,0,-3.2,6.4,14.4,5543.4,502.4,8.9,2.1,4.1,0.2,740368.564,562293.595
JNM00001001,"JAN MAYEN, JN",70.9331,-8.6667,10,2017-06,9,2,0,0,0.2,3.6,9.5,5943.8,400.4,13.5,5,6.7,3.3,649311.46,449559.838
JNM00001001,"JAN MAYEN, JN",70.9331,-8.6667,10,2017-07,9,1,0,0,3.3,17.6,13.3,346,346,25.3,7.2,8.6,5.8,461124.235,235720.366
JNM00001001,"JAN MAYEN, JN",70.9331,-8.6667,10,2017-08,12,4,0,0,1,20.7,11.5,693.7,347.7,56.3,7.1,8.4,5.8,186904.983,84807.43
JNM00001001,"JAN MAYEN, JN",70.9331,-8.6667,10,2017-09,21,5,0,0,3.1,24.6,12,1013.4,319.7,74.1,7.7,8.8,6.6,135516.217,70550.114
JNM00001001,"JAN MAYEN, JN",70.9331,-8.6667,10,2017-10,24,14,6,1,-3.9,28,9.4,1437.5,424.1,107.2,4.6,6,3.3,230319.832,139352.996
JNM00001001,"JAN MAYEN, JN",70.9331,-8.6667,10,2017-11,22,6,26,7,-7.6,21.5,4.5,2009.5,572,67.2,-0.7,1.3,-2.7,405386.27,286051.435
JNM00001001,"JAN MAYEN, JN",70.9331,-8.6667,10,2017-12,16,3,31,16,-8.3,14.9,2.8,2651.2,641.7,34,-2.4,-0.6,-4.1,534864.513,391475.768
JNM00001001,"JAN MAYEN, JN",70.9331,-8.6667,10,2018-01,17,6,25,12,-13.9,7.2,3.3,3280.6,629.4,47.3,-2,-0.3,-3.7,553006.214,419103.26
JNM00001001,"JAN MAYEN, JN",70.9331,-8.6667,10,2018-02,20,11,16,2,-6.5,11.6,5.8,3763.7,483.1,62.7,1.1,2.5,-0.4,530590.185,383548.087
JNM00001001,"JAN MAYEN, JN",70.9331,-8.6667,10,2018-03,16,1,30,17,-8.1,3.8,2.6,4397.9,634.2,15.6,-2.1,-0.5,-3.7,580453.286,418468.811
JNM00001001,"JAN MAYEN, JN",70.9331,-8.6667,10,2018-04,21,5,19,6,-9.3,6,5.6,4950.2,552.3,39,-0.1,1.5,-1.7,604767.236,454837.821
JNM00001001,"JAN MAYEN, JN",70.9331,-8.6667,10,2018-05,18,8,2,0,-1.6,13.2,8.1,5427.4,477.2,70.8,2.9,4.5,1.4,500993.628,346816.309
JNM00001001,"JAN MAYEN, JN",70.9331,-8.6667,10,2018-06,10,3,0,0,0.2,13.7,10.9,5863.5,436.1,35.2,3.8,5.6,2.1,410520.611,276027.986
JNM00001001,"JAN MAYEN, JN",70.9331,-8.6667,10,2018-07,21,11,0,0,3.5,10.3,18,352.4,352.4,78,7,8.4,5.5,308770.645,167917.267
JNM00001001,"JAN MAYEN, JN",70.9331,-8.6667,10,2018-08,16,8,0,0,4.4,9.7,12,689.8,337.4,58.7,7.4,8.6,6.3,148279.132,70184.964
JNM00001001,"JAN MAYEN, JN",70.9331,-8.6667,10,2018-09,15,5,7,0,-1.6,20.5,9.3,1089.6,399.8,50.5,5,6.2,3.8,159467.74,85939.169
JNM00001001,"JAN MAYEN, JN",70.9331,-8.6667,10,2018-10,23,12,14,2,-2.1,12.3,8.1,1584.1,494.5,93.8,2.4,4,0.8,364946.192,251825.196
JNM00001001,"JAN MAYEN, JN",70.9331,-8.6667,10,2018-11,14,5,14,3,-8,6.8,6.3,2092,507.9,28.5,1.4,3.1,-0.3,446234.009,306940.678
JNM00001001,"JAN MAYEN, JN",70.9331,-8.6667,10,2018-12,18,10,21,16,-9.4,20,4.3,2711.6,619.6,100.6,-1.6,-0.2,-3.1,551288.492,406610.136
JNM00001001,"JAN MAYEN, JN",70.9331,-8.6667,10,2019-01,20,6,27,18,-12.4,16.1,8.4,3381.8,670.2,53.6,-3.3,-0.8,-5.8,617851.545,468758.106
JNM00001001,"JAN MAYEN, JN",70.9331,-8.6667,10,2019-02,19,5,27,15,-10.8,25.4,5,3969.3,587.5,66.3,-2.6,-0.5,-4.8,625032.495,489438.339
JNM00001001,"JAN MAYEN, JN",70.9331,-8.6667,10,2019-03,21,7,31,24,-11.1,12.5,1.9,4690.4,721.1,49.5,-4.9,-2.6,-7.2,676924.133,533679.691
JNM00001001,"JAN MAYEN, JN",70.9331,-8.6667,10,2019-04,5,2,14,5,-8.8,6.7,9.2,5225.6,535.2,12.1,0.5,2.1,-1.1,706202.262,514770.583
JNM00001001,"JAN MAYEN, JN",70.9331,-8.6667,10,2019-05,7,2,20,7,-4.4,9.1,5.4,5780.4,554.8,21.1,0.4,1.7,-0.9,656631.502,463492.052
JNM00001001,"JAN MAYEN, JN",70.9331,-8.6667,10,2019-06,4,2,3,0,-1.6,17.6,11.4,6212.4,432,24.5,3.9,6,1.9,604702.636,399747.92
JNM00001001,"JAN MAYEN, JN",70.9331,-8.6667,10,2019-07,12,7,0,0,1,16.2,11.9,352.9,352.9,64.1,6.9,8.1,5.8,436530.907,250718.3
JNM00001001,"JAN MAYEN, JN",70.9331,-8.6667,10,2019-08,12,4,0,0,3.2,5.5,17,688.1,335.2,20.5,7.5,9.2,5.9,283162.646,136941.031
JNM00001001,"JAN MAYEN, JN",70.9331,-8.6667,10,2019-09,20,8,1,0,-0.2,61,9.3,1101.1,413,155.4,4.6,5.9,3.2,212475.431,126903.668
JNM00001001,"JAN MAYEN, JN",70.9331,-8.6667,10,2019-10,11,2,16,4,-6.7,3.6,6.5,1624.2,523.1,16,1.5,3,-0.1,386546.857,274980.194
JNM00001001,"JAN MAYEN, JN",70.9331,-8.6667,10,2019-11,13,4,27,14,-10.7,6.6,3.6,2243.5,619.3,26.5,-2.3,-0.4,-4.2,547183.986,425883.066
JNM00001001,"JAN MAYEN, JN",70.9331,-8.6667,10,2019-12,19,9,28,17,-9.7,26.2,5.7,2868,624.5,110.9,-1.8,0.2,-3.8,584596.262,438334.762
JNM00001001,"JAN MAYEN, JN",70.9331,-8.6667,10,2020-01,24,17,26,4,-7.3,21.1,4.5,3452.4,584.4,106.7,-0.5,1.4,-2.5,584830.109,436742.491
JNM00001001,"JAN MAYEN, JN",70.9331,-8.6667,10,2020-02,19,6,25,19,-11.2,10.7,5.1,4101.9,649.5,46,-4.1,-2.1,-6,641562.292,491946.96
JNM00001001,"JAN MAYEN, JN",70.9331,-8.6667,10,2020-03,20,6,30,22,-14.1,5.5,2.5,4823.3,721.4,37.9,-4.9,-2.7,-7.1,734946.437,585928.93
JNM00001001,"JAN MAYEN, JN",70.9331,-8.6667,10,2020-04,11,4,25,13,-13.2,18.5,8.4,5417.8,594.5,40.5,-1.5,0.8,-3.7,777596.225,556952.985
JNM00001001,"JAN MAYEN, JN",70.9331,-8.6667,10,2020-05,17,5,25,13,-8,10.4,5.9,6011.6,593.8,40.7,-0.8,0.8,-2.4,687087.673,482864.315
JNM00001001,"JAN MAYEN, JN",70.9331,-8.6667,10,2020-06,12,6,8,0,-2.6,9.9,12.1,6450.1,438.5,40,3.7,5.5,1.9,622337.816,416974.375
JNM00001001,"JAN MAYEN, JN",70.9331,-8.6667,10,2020-07,13,8,0,0,0.3,10.3,11,407.9,407.9,53.6,5.2,6.9,3.5,467232.074,274110.79
JNM00001001,"JAN MAYEN, JN",70.9331,-8.6667,10,2020-08,18,5,0,0,1.6,18.6,10.4,799.1,391.2,70.2,5.7,7.3,4.1,297495.641,132415.19
JNM00001001,"JAN MAYEN, JN",70.9331,-8.6667,10,2020-09,24,15,6,0,-1.2,35.9,8.1,1247.4,448.3,192.1,3.4,5,1.8,268909.854,138795.714
JNM00001001,"JAN MAYEN, JN",70.9331,-8.6667,10,2020-10,14,0,17,5,-4.4,2.2,9.8,1755.7,508.3,16.8,1.9,3.6,0.3,408072.791,278102.458
JNM00001001,"JAN MAYEN, JN",70.9331,-8.6667,10,2020-11,18,12,24,10,-8.3,13,6.3,2332.4,576.7,93.2,-0.9,1.2,-3,552314.148,396327.403
JNM00001001,"JAN MAYEN, JN",70.9331,-8.6667,10,2020-12,19,10,28,17,-10.6,24.5,4.2,2957,624.6,115.7,-1.8,0.1,-3.7,651062.408,498320.332
JNM00001001,"JAN MAYEN, JN",70.9331,-8.6667,10,2021-01,18,9,28,16,-9.8,12.4,4.4,3584,627,51.6,-1.9,0,-3.8,695022.674,513368.447
JNM00001001,"JAN MAYEN, JN",70.9331,-8.6667,10,2021-02,19,5,19,11,-13.3,6.9,4,4136.5,552.5,33.7,-1.4,0.4,-3.2,670974.305,502707.999
JNM00001001,"JAN MAYEN, JN",70.9331,-8.6667,10,2021-03,20,10,30,14,-12.7,14.1,7.6,4788.4,651.9,77.4,-2.7,-0.1,-5.2,710035.543,516884.538
JNM00001001,"JAN MAYEN, JN",70.9331,-8.6667,10,2021-04,16,10,28,19,-11.1,22,2.9,5429.8,641.4,74.8,-3.1,-1.3,-4.8,699672.538,505241.649
JNM00001001,"JAN MAYEN, JN",70.9331,-8.6667,10,2021-05,4,0,25,6,-3.5,1.5,11.3,5983.2,553.4,4.6,0.5,2,-1.1,730897.021,521430.868
JNM00001001,"JAN MAYEN, JN",70.9331,-8.6667,10,2021-06,14,7,3,0,-0.5,15.1,10.3,6422.9,439.7,57.9,3.7,5.2,2.2,588598.988,343572.937
JNM00001001,"JAN MAYEN, JN",70.9331,-8.6667,10,2021-07,6,0,0,0,0.9,1.3,13.4,342,342,5,7.3,9.4,5.2,281754.041,135757.37
JNM00001001,"JAN MAYEN, JN",70.9331,-8.6667,10,2021-08,11,4,0,0,2.3,12.8,13.8,676.1,334.1,33.5,7.6,9.1,6,117830.266,50364.74
JNM00001001,"JAN MAYEN, JN",70.9331,-8.6667,10,2021-09,23,14,0,0,0.6,18.7,10.7,1048.8,372.7,111.2,5.9,7.4,4.4,81838.25,37059.076
JNM00001001,"JAN MAYEN, JN",70.9331,-8.6667,10,2021-10,12,6,11,0,-4.3,8.7,9.4,1544.5,495.7,39.6,2.3,3.7,1,291418.462,194741.965
JNM00001001,"JAN MAYEN, JN",70.9331,-8.6667,10,2021-11,22,12,23,9,-10,13,5.2,2126.4,581.9,87.7,-1.1,0.8,-2.9,452417.079,341618.688
JNM00001001,"JAN MAYEN, JN",70.9331,-8.6667,10,2021-12,19,5,21,7,-8.1,7,5.4,2701,574.6,39.4,-0.2,1.7,-2.1,576361.148,426912.936
JNM00001001,"JAN MAYEN, JN",70.9331,-8.6667,10,2022-01,21,9,28,16,-12.8,8.8,4.7,3378.2,677.2,51.8,-3.5,-0.7,-6.3,662828.604,489654.681
JNM00001001,"JAN MAYEN, JN",70.9331,-8.6667,10,2022-02,13,3,28,18,-11.8,4.2,1.5,4001.9,623.7,20.2,-3.9,-1.9,-6,690987.333,536690.752
JNM00001001,"JAN MAYEN, JN",70.9331,-8.6667,10,2022-03,22,12,24,7,-8.7,10.7,3.2,4605.9,604,76.9,-1.1,0.9,-3.2,685988.35,510216.509
JNM00001001,"JAN MAYEN, JN",70.9331,-8.6667,10,2022-04,14,8,26,16,-9,12.3,6.4,5208.3,602.4,65.5,-1.7,0,-3.5,739861.601,558728.938
JNM00001001,"JAN MAYEN, JN",70.9331,-8.6667,10,2022-05,10,6,18,8,-6.3,4.7,10,5745,536.7,27.9,1,2.7,-0.7,758417.889,555669.312
JNM00001001,"JAN MAYEN, JN",70.9331,-8.6667,10,2022-06,15,6,2,0,-0.9,10.5,7.7,6173.5,428.5,47.3,4.1,5.4,2.7,590612.635,378923.249
JNM00001001,"JAN MAYEN, JN",70.9331,-8.6667,10,2022-07,15,6,0,0,2.3,32,10.4,371.9,371.9,91.4,6.3,7.8,4.9,345807.146,207799.824
JNM00001001,"JAN MAYEN, JN",70.9331,-8.6667,10,2022-08,18,11,0,0,3.4,12.5,11.1,721.3,349.4,65.3,7.1,8.4,5.7,277616.516,159930.402
JNM00001001,"JAN MAYEN, JN",70.9331,-8.6667,10,2022-09,13,8,0,0,0.8,36,9.6,1098.5,377.2,94.9,5.8,7,4.6,278075.692,153556.961
JNM00001001,"JAN MAYEN, JN",70.9331,-8.6667,10,2022-10,22,8,16,3,-5.1,28.2,8.3,1600,501.5,70.3,2.2,3.9,0.5,353461.278,246648.936
JNM00001001,"JAN MAYEN, JN",70.9331,-8.6667,10,2022-11,17,6,5,1,-2.9,19.6,5.6,2012.5,412.5,48.1,2.6,3.9,1.2,481824.879,353455.103
JNM00001001,"JAN MAYEN, JN",70.9331,-8.6667,10,2022-12,30,5,29,23,-13.6,18.8,5.7,2734.3,721.8,52.2,-5.7,-3.6,-7.8,622063.194,436574.109